Country Code (ISO3),Country Code (M49),Animal,heads_on_PA,total_heads,total volume
AFG,4,Bf,144.20023,840.0013,
AFG,4,Ch,3011387.2,12092643.0,149581501.916
AFG,4,Ct,1199526.4,5268365.0,1910657234.009
AFG,4,Dk,101704.984,390565.3,
AFG,4,Gt,1705890.6,7746219.0,363679062.532
AFG,4,Ho,32487.582,172977.95,
AFG,4,Pg,8.042758,35.31682,
AFG,4,Sh,2890458.5,13245412.0,765256592.541
ALB,8,Bf,46.35208,115.64902,
ALB,8,Ch,2150070.5,8554729.0,155531696.93653846
ALB,8,Ct,187060.27,504152.53,574034378.01158
ALB,8,Dk,267767.94,1003687.5,
ALB,8,Gt,376934.97,931509.75,91093184.20085712
ALB,8,Ho,11714.865,30934.459,
ALB,8,Pg,69437.51,171476.19,31353925.68
ALB,8,Sh,694109.0,1917048.2,165502224.03184286
DZA,12,Bf,0.0,0.0,
DZA,12,Ch,33479508.0,133532600.0,1722335151.204
DZA,12,Ct,642489.3125,2145168.0,2984129624.6256
DZA,12,Dk,16638.171875,59867.188,
DZA,12,Gt,1616807.875,5021311.5,853252511.7475
DZA,12,Ho,12057.1943359375,42395.973,1499410.686
DZA,12,Pg,1271.3389892578125,5068.444,371756.502
DZA,12,Sh,7596388.5,28096154.0,4627265077.772333
AGO,24,Bf,0.0,0.0,
AGO,24,Ch,12126698.0,35696710.0,531524011.916
AGO,24,Ct,1240535.0,4988371.0,922494112.6824
AGO,24,Dk,60.5864486694336,196.74959,
AGO,24,Gt,1266912.5,4384230.5,102192989.86
AGO,24,Ho,155.52857971191406,1055.3392,
AGO,24,Pg,952346.25,3139573.5,582943928.7653999
AGO,24,Sh,383815.875,1120624.4,42734168.73899999
ARG,32,Bf,27999.346,80844.6,
ARG,32,Ch,23684082.0,114767704.0,8498404513.192043
ARG,32,Ct,11689587.0,51433076.0,22275912042.211
ARG,32,Dk,705464.8,2581893.5,21304486.888
ARG,32,Gt,1474126.5,4723624.5,38234347.85657142
ARG,32,Ho,684572.8,2448282.8,108321009.4
ARG,32,Pg,957363.75,5015117.5,2668078623.0
ARG,32,Sh,4317874.0,14858392.0,299152390.0959
ARM,51,Bf,428.61005,808.8533,
ARM,51,Ch,2295919.2,4050001.8,125682544.52307692
ARM,51,Ct,319999.34,680309.56,643544161.0
ARM,51,Dk,12208.948,24707.127,
ARM,51,Gt,17984.219,33074.94,2140737.251714286
ARM,51,Ho,4911.2266,11348.959,
ARM,51,Pg,58392.066,141098.45,54956415.0
ARM,51,Sh,375648.62,699381.56,103074255.1436
AUS,36,Bf,1275.0674,3966.195,
AUS,36,Ch,35460944.0,88501736.0,4352351388.156905
AUS,36,Ct,6997453.0,27385164.0,17497287127.0
AUS,36,Dk,472583.8,1145785.8,102322049.04
AUS,36,Gt,629645.4,3598219.8,192494952.7444445
AUS,36,Ho,99733.586,271353.47,47366240.58733333
AUS,36,Pg,658847.44,2270200.8,1006049626.6666667
AUS,36,Sh,18262570.0,70861496.0,4679472797.34375
AUT,40,Bf,35.94857,57.01588,0.0
AUT,40,Ch,2382924.0,16388198.0,
AUT,40,Ct,410045.22,1972808.2,4068438411.25
AUT,40,Dk,14292.098,59691.695,
AUT,40,Gt,18634.879,70910.96,39732167.38888889
AUT,40,Ho,25251.287,88915.67,
AUT,40,Pg,466717.62,2847598.5,1101420272.0
AUT,40,Sh,110373.0,350139.03,55979949.1375
AZE,31,Bf,31890.072,242240.88,
AZE,31,Ch,5022183.0,27331344.0,641248576.1104615
AZE,31,Ct,528353.0,2454857.0,1876116751.594
AZE,31,Dk,341.9279,566.58704,
AZE,31,Gt,232913.62,647959.75,2685463.0
AZE,31,Ho,20265.918,73599.484,
AZE,31,Pg,2610.6216,5825.0522,1851551.7
AZE,31,Sh,1872699.5,7991286.0,612272301.8825713
BHS,44,Bf,0.0,0.0,
BHS,44,Ch,2707201.5,3007001.2,19042142.91156419
BHS,44,Ct,665.67919921875,726.99164,588803.80995
BHS,44,Dk,0.0,0.0,
BHS,44,Gt,13482.876953125,14729.117,2367748.303333333
BHS,44,Ho,0.0,0.0,
BHS,44,Pg,4442.58251953125,4877.355,788975.3386666668
BHS,44,Sh,5891.306640625,6462.605,188528.525625
BHR,48,Bf,0.0,0.0,
BHR,48,Ch,0.0,3428000.0,34960784.019459456
BHR,48,Ct,0.0,8945.0,12371472.073375
BHR,48,Dk,0.0,0.0,
BHR,48,Gt,0.0,19151.0,2049275.373
BHR,48,Ho,0.0,0.0,
BHR,48,Pg,0.0,0.0,
BHR,48,Sh,0.0,47615.0,168258737.0736375
BGD,50,Bf,250741.53,1451692.9,524713272.1833333
BGD,50,Ch,31008040.0,259011520.0,1923600823.432
BGD,50,Ct,2275134.2,23442616.0,10891783784.784
BGD,50,Dk,5502122.0,49937110.0,133204778.752
BGD,50,Gt,4979520.5,55570030.0,3256911439.9750004
BGD,50,Ho,3.9570029,17.318787,
BGD,50,Pg,86090.586,243964.97,
BGD,50,Sh,229878.69,2082063.8,223314493.25
BRB,52,Bf,0.0,0.0,
BRB,52,Ch,2885521.0,3919000.0,51324371.30472973
BRB,52,Ct,8415.7158203125,11050.0,4080335.1575
BRB,52,Dk,0.0,0.0,
BRB,52,Gt,3792.7919921875,5393.0,201875.21833333332
BRB,52,Ho,874.1548461914062,1239.0,
BRB,52,Pg,16438.58203125,22599.998,5854595.466666667
BRB,52,Sh,8983.2841796875,12998.0,531682.96875
BLR,112,Bf,0.0,0.03507725,
BLR,112,Ch,2823777.0,45085436.0,1883477982.3116307
BLR,112,Ct,501652.28,4357579.0,5679778403.0
BLR,112,Dk,107324.83,1813779.6,7666928.0
BLR,112,Gt,8254.291,68612.69,8754338.978
BLR,112,Ho,8973.072,64036.188,1471020.0
BLR,112,Pg,250690.75,3212254.0,1336289205.0
BLR,112,Sh,8045.159,84128.375,6548556.12
BEL,56,Bf,0.357896,0.78060055,0.0
BEL,56,Ch,4681008.5,38502524.0,1213151516.25
BEL,56,Ct,366600.4,2501878.2,4684050495.0
BEL,56,Dk,23938.998,171538.61,765504.0
BEL,56,Gt,8809.952,43692.594,65078895.55555555
BEL,56,Ho,4592.6123,31898.895,
BEL,56,Pg,579488.1,6444420.0,2380323101.333333
BEL,56,Sh,14040.869,100799.78,13636104.375
BLZ,84,Bf,18.383625,28.178936,
BLZ,84,Ch,785392.44,1613672.5,65447610.14192308
BLZ,84,Ct,47430.297,94684.61,12790398.189
BLZ,84,Dk,6679.665,11744.868,32231.08
BLZ,84,Gt,102.88839,173.9227,5922.000857142857
BLZ,84,Ho,3088.108,5698.816,
BLZ,84,Pg,11937.927,21576.04,8184448.649999999
BLZ,84,Sh,8086.3296,13760.482,316490.51
BEN,204,Bf,0.0,0.0,
BEN,204,Ch,4208860.5,19352704.0,74840222.581
BEN,204,Ct,519449.84375,2280051.2,354598462.605
BEN,204,Dk,315.5050354003906,1554.239,
BEN,204,Gt,403203.25,1799682.2,138677906.511
BEN,204,Ho,333.4263000488281,1130.3932,
BEN,204,Pg,144518.09375,447837.75,34569082.4148
BEN,204,Sh,201546.640625,895927.4,236900420.556
BTN,64,Bf,354.08023,662.6527,6875642.286666665
BTN,64,Ch,297201.3,607638.8,12733711.38
BTN,64,Ct,159735.22,307349.7,46654100.7792
BTN,64,Dk,2703.958,6801.0205,
BTN,64,Gt,18612.912,54151.227,884655.277
BTN,64,Ho,7999.3,14714.653,
BTN,64,Pg,9127.281,19273.393,4244122.4454
BTN,64,Sh,7973.3657,19656.457,173028.534
BOL,68,Bf,15.455719,29.005108,
BOL,68,Ch,74926130.0,196612500.0,2195587067.2850003
BOL,68,Ct,3916123.0,8944906.0,2512628760.3294
BOL,68,Dk,269199.03,664869.2,4398054.008
BOL,68,Gt,850653.0,2179628.5,107712257.1705
BOL,68,Ho,208702.56,491525.8,
BOL,68,Pg,1066371.5,2854856.5,423313168.32
BOL,68,Sh,3050584.5,7470627.5,369669078.4446666
BIH,70,Bf,0.0,0.0,
BIH,70,Ch,807318.1875,15417846.0,248206602.4546154
BIH,70,Ct,42382.27734375,458537.7,350976437.52589
BIH,70,Dk,10038.9716796875,57666.305,0.0
BIH,70,Gt,11352.990234375,73347.95,
BIH,70,Ho,2129.14892578125,16737.602,24173.761999999995
BIH,70,Pg,29175.033203125,578046.2,29072349.2535
BIH,70,Sh,116624.90625,1025225.4,17908550.334014285
BWA,72,Bf,0.0,0.0,
BWA,72,Ch,223808.40625,757590.4,11847138.119307691
BWA,72,Ct,427205.40625,1742475.8,282411984.49583995
BWA,72,Dk,14.799639701843262,56.74292,
BWA,72,Gt,324261.3125,1203620.2,31224563.87914285
BWA,72,Ho,9120.076171875,32306.191,
BWA,72,Pg,1095.6025390625,4511.3887,870339.9495
BWA,72,Sh,76272.4453125,241088.28,4807361.667099999
BRA,76,Bf,873477.56,1364557.4,
BRA,76,Ch,266556580.0,1325112700.0,48942367790.99359
BRA,76,Ct,42517824.0,215161120.0,71777135742.54431
BRA,76,Dk,961248.2,3654739.0,10318228.8
BRA,76,Gt,2201963.5,9618495.0,411254225.9477143
BRA,76,Ho,1402585.9,5547363.0,109925548.982
BRA,76,Pg,7391996.0,39776092.0,19128900190.5645
BRA,76,Sh,3638626.5,18397188.0,699876281.1480999
BGR,100,Bf,4119.9497,9522.409,11148797.333333334
BGR,100,Ch,3047459.0,12894094.0,258849072.4615385
BGR,100,Ct,192511.84,551749.94,487874176.59
BGR,100,Dk,410610.3,1510322.1,48057504.0
BGR,100,Gt,118509.336,290931.9,22471893.71428572
BGR,100,Ho,18178.45,41566.906,0.0
BGR,100,Pg,209812.84,545973.5,313620400.5
BGR,100,Sh,462459.44,1331593.5,87567241.31428571
BFA,854,Bf,0.0,0.0,
BFA,854,Ch,3179392.75,43360096.0,649420442.2948
BFA,854,Ct,1280097.125,9248169.0,973711036.1333332
BFA,854,Dk,17614.533203125,208809.53,
BFA,854,Gt,1765128.625,14290088.0,221819030.4
BFA,854,Ho,3244.31103515625,40103.76,408600.322
BFA,854,Pg,184233.8125,2389381.2,772201821.9150001
BFA,854,Sh,1091261.75,9545089.0,180325303.632
BDI,108,Bf,0.0,0.0,
BDI,108,Ch,492151.0,2339625.5,31360402.469600003
BDI,108,Ct,230927.65625,802400.1,140078589.17299998
BDI,108,Dk,199.2523193359375,584.1787,
BDI,108,Gt,512693.78125,2387214.2,78431849.05999999
BDI,108,Ho,0.0,0.0,
BDI,108,Pg,128621.953125,542282.0,38510045.874
BDI,108,Sh,124116.5625,402490.88,5709244.356000001
KHM,116,Bf,210547.6,685957.2,27236148.28333333
KHM,116,Ch,2044029.2,13040296.0,101587333.939
KHM,116,Ct,567143.44,2878831.0,399444570.9098
KHM,116,Dk,1225839.6,8207299.0,21448081.168
KHM,116,Gt,41448.2,159283.69,
KHM,116,Ho,5367.6846,29971.879,
KHM,116,Pg,515313.7,2183751.0,348850788.8688
KHM,116,Sh,8493.247,36366.984,
CMR,120,Bf,0.0,0.0,
CMR,120,Ch,21111644.0,51196536.0,660358224.709
CMR,120,Ct,2479168.75,6024239.0,996024366.5508
CMR,120,Dk,96.61829376220705,1436.4863,0.0
CMR,120,Gt,1991595.25,5006731.0,275297278.88750005
CMR,120,Ho,8373.7109375,17914.424,812346.2779999999
CMR,120,Pg,813014.625,1843075.4,167307997.338
CMR,120,Sh,1534961.5,3994665.5,200576179.3533333
CAN,124,Bf,10111.197,69818.74,
CAN,124,Ch,25754672.0,167365620.0,5458909625.076351
CAN,124,Ct,1371179.6,11633022.0,15337230981.2425
CAN,124,Dk,174588.05,1449348.8,60183860.68799999
CAN,124,Gt,2886.4924,29919.264,
CAN,124,Ho,41659.836,399169.16,41558200.80033333
CAN,124,Pg,947044.25,13175039.0,5217585964.8
CAN,124,Sh,78713.8,822849.94,105787827.3759375
CPV,132,Bf,0.0,0.0,
CPV,132,Ch,965394.25,968859.6,7554310.117000001
CPV,132,Ct,20328.73828125,20556.006,8525255.176
CPV,132,Dk,0.0,0.0,
CPV,132,Gt,185107.5625,188952.9,16074474.565
CPV,132,Ho,509.57513427734375,511.13275,
CPV,132,Pg,77640.28125,78211.086,8678533.2282
CPV,132,Sh,9200.8125,9214.449,776553.504
CAF,140,Bf,0.0,0.0,
CAF,140,Ch,1487779.5,6702830.5,26295520.223600004
CAF,140,Ct,857117.625,4414728.0,711523556.3343333
CAF,140,Dk,2734.955322265625,12089.231,
CAF,140,Gt,1295202.875,5881833.0,166495430.97
CAF,140,Ho,44.6176643371582,96.13827,
CAF,140,Pg,224570.046875,1014081.0,67084993.98
CAF,140,Sh,96946.21875,399738.1,18002112.48
TCD,148,Bf,0.0,0.0,
TCD,148,Ch,1569560.125,5978831.0,31423139.398
TCD,148,Ct,5664155.5,24943920.0,3504012602.089333
TCD,148,Dk,39.75321578979492,61.243515,
TCD,148,Gt,7637119.0,30568196.0,1072279671.458
TCD,148,Ho,222087.90625,1074207.8,5479598.534
TCD,148,Pg,24253.66015625,105231.84,8788234.1274
TCD,148,Sh,6790376.0,26465516.0,1572016424.4
CHL,152,Bf,0.052018717,0.97166884,
CHL,152,Ch,52920584.0,103070350.0,2500536869.979757
CHL,152,Ct,1275118.4,2724032.8,2781921132.4025
CHL,152,Dk,339.95184,1155.0436,
CHL,152,Gt,201823.94,412198.25,47942916.17516667
CHL,152,Ho,138228.8,309608.4,18703622.624333333
CHL,152,Pg,1363492.1,2693662.0,1329106965.4533334
CHL,152,Sh,852518.5,2147351.2,57444837.8925
CHN,156,Bf,5887093.5,27015154.0,6391768520.265667
CHN,156,Ch,727750400.0,4687862000.0,105835085485.81212
CHN,156,Ct,15239810.0,63035344.0,55150475107.99999
CHN,156,Dk,108254080.0,674401150.0,10279680000.0
CHN,156,Gt,28000322.0,141609200.0,15957336135.08257
CHN,156,Ho,1348011.9,4158464.8,779977512.6139998
CHN,156,Pg,80246480.0,471183650.0,204371473500.0
CHN,156,Sh,40911660.0,162191380.0,18492389550.667843
COL,170,Bf,109086.21,234936.61,54619533.2
COL,170,Ch,102151450.0,149005700.0,7009296730.702939
COL,170,Ct,9833050.0,22526884.0,7370779188.275
COL,170,Dk,537341.9,891803.44,
COL,170,Gt,512471.3,1065198.4,2725393.9428571425
COL,170,Ho,375228.75,811564.8,25950803.194
COL,170,Pg,3502976.0,5743426.0,1907017107.3
COL,170,Sh,378277.62,724681.7,7923398.769200001
COD,180,Bf,0.0,0.0,
COD,180,Ch,5734275.0,20268974.0,56083162.1196
COD,180,Ct,435147.0625,998311.6,145806193.002
COD,180,Dk,900165.75,2256054.2,
COD,180,Gt,1342522.25,4039880.8,127377710.46
COD,180,Ho,17.386703491210938,32.199963,
COD,180,Pg,356775.34375,985936.4,94457504.466
COD,180,Sh,383002.8125,905485.0,20033915.22
COG,178,Bf,0.0,0.0,
COG,178,Ch,1645058.875,2886799.5,29696124.267000005
COG,178,Ct,65247.26171875,340230.72,38636079.0074
COG,178,Dk,1135.523193359375,2368.4963,
COG,178,Gt,138545.640625,325553.0,5365231.2870000005
COG,178,Ho,56.158199310302734,74.9387,
COG,178,Pg,41688.4921875,98471.46,4829182.4232
COG,178,Sh,47705.953125,125602.95,4137168.18
CRI,188,Bf,2682.62744140625,3915.858,
CRI,188,Ch,14984848.0,23999274.0,616342123.7769232
CRI,188,Ct,836812.5,1302582.5,1060460147.22561
CRI,188,Dk,0.0,0.0,
CRI,188,Gt,3909.08642578125,5309.9814,10893305.698
CRI,188,Ho,80068.1953125,125638.06,
CRI,188,Pg,350727.4375,482959.84,252928232.415
CRI,188,Sh,1925.712646484375,2812.0405,98951.7268
CIV,384,Bf,0.0,0.0,
CIV,384,Ch,15633185.0,62986950.0,403248033.08
CIV,384,Ct,237413.78125,1599887.1,180509914.8326
CIV,384,Dk,854.8317260742188,2630.1584,
CIV,384,Gt,301874.1875,1427121.1,41571005.27
CIV,384,Ho,1.505281686782837,7.5591993,
CIV,384,Pg,89176.2734375,366215.66,39724473.4164
CIV,384,Sh,379098.34375,1752940.8,77849398.563
HRV,191,Bf,0.0,0.0,
HRV,191,Ch,2808284.5,9647795.0,161819405.0
HRV,191,Ct,139008.765625,440757.62,621112417.5
HRV,191,Dk,31482.53125,71901.234,
HRV,191,Gt,27247.359375,61442.703,12873144.444444444
HRV,191,Ho,9499.3505859375,21686.309,0.0
HRV,191,Pg,335368.875,1161235.1,258764357.3333333
HRV,191,Sh,286238.75,600140.0,45239089.6875
CUB,192,Bf,0.0,0.0,
CUB,192,Ch,11198972.0,31904754.0,284795391.98649234
CUB,192,Ct,1656701.25,4031765.2,541203723.4754999
CUB,192,Dk,0.0,0.0,
CUB,192,Gt,471690.1875,1043833.56,41061185.0
CUB,192,Ho,381715.71875,812956.1,1010100.4
CUB,192,Pg,808211.6875,1701799.0,682220563.2555
CUB,192,Sh,734442.9375,1684257.9,81183045.31
CYP,196,Bf,0.0,0.0,0.0
CYP,196,Ch,1826806.0,2952659.5,74405089.375
CYP,196,Ct,38630.16796875,58405.715,235707021.875
CYP,196,Dk,0.0,0.0,0.0
CYP,196,Gt,199919.359375,234563.28,66030858.94444445
CYP,196,Ho,507.4731750488281,659.56506,
CYP,196,Pg,217239.0,358010.25,92972544.0
CYP,196,Sh,210927.984375,295130.3,76423648.0625
CZE,203,Bf,0.16467252,2.8148139,0.0
CZE,203,Ch,1699644.5,21554312.0,441929453.75
CZE,203,Ct,214300.0,1407250.1,2786329791.8
CZE,203,Dk,38002.62,591490.25,
CZE,203,Gt,6803.449,26884.617,2301259.9444444445
CZE,203,Ho,7248.089,33730.164,
CZE,203,Pg,148719.88,1555439.0,499796600.0
CZE,203,Sh,60687.668,232381.56,17145458.0
DNK,208,Bf,0.0,0.0,0.0
DNK,208,Ch,3799468.5,16789192.0,655723732.9898648
DNK,208,Ct,315918.25,1533522.0,4726289422.5
DNK,208,Dk,41176.0,245110.81,893088.0
DNK,208,Gt,0.0,0.0,0.0
DNK,208,Ho,7181.939453125,56888.543,
DNK,208,Pg,1766848.875,12417245.0,3711246282.666667
DNK,208,Sh,27833.02734375,142205.88,7631214.375
DJI,262,Bf,0.0,0.0,
DJI,262,Ch,0.0,326.70013,
DJI,262,Ct,39987.84375,300213.38,49955748.4044
DJI,262,Dk,0.0,0.0,
DJI,262,Gt,58188.625,512564.9,11683062.473
DJI,262,Ho,0.0,0.0,
DJI,262,Pg,0.153468832373619,0.91227245,
DJI,262,Sh,54207.078125,463481.38,20273206.638
DMA,212,Bf,0.0,0.0,
DMA,212,Ch,199999.984375,199999.98,2820138.201535385
DMA,212,Ct,13968.0,13968.0,6348411.37058
DMA,212,Dk,0.0,0.0,
DMA,212,Gt,9702.0,9702.0,259485.5214285714
DMA,212,Ho,0.0,0.0,
DMA,212,Pg,5005.0,5005.0,1558586.0595
DMA,212,Sh,8051.0,8051.0,172132.08349999998
DOM,214,Bf,0.0,0.0,
DOM,214,Ch,95423544.0,171534910.0,1576484633.72172
DOM,214,Ct,1466485.375,2994770.0,744624612.8494501
DOM,214,Dk,384.1562805175781,384.15628,
DOM,214,Gt,139711.8125,234369.06,5692507.404571428
DOM,214,Ho,203526.484375,355114.94,
DOM,214,Pg,299854.65625,527886.0,270092633.043
DOM,214,Sh,145804.21875,248865.28,5905131.6075
ECU,218,Bf,2189.5725,3152.6045,
ECU,218,Ch,125211176.0,160670960.0,1847965188.6067848
ECU,218,Ct,2675676.0,4113963.5,2066793910.0914297
ECU,218,Dk,266779.4,443663.12,843340.664
ECU,218,Gt,18000.768,29009.52,2193048.7888571424
ECU,218,Ho,159049.48,223314.66,
ECU,218,Pg,1165714.2,1636228.2,738816781.7820001
ECU,218,Sh,394256.75,507576.22,48305585.25977142
EGY,818,Bf,1819654.1,3693713.2,2670552368.785
EGY,818,Ch,70510660.0,144957500.0,10957096050.202
EGY,818,Ct,2273155.8,4864054.0,6353026247.003401
EGY,818,Dk,7469353.5,11628660.0,138813671.984
EGY,818,Gt,2308189.0,4040676.2,151386677.26450002
EGY,818,Ho,33097.863,72386.875,
EGY,818,Pg,4978.871,10407.182,2281633.9974
EGY,818,Sh,2458287.0,5446323.0,632516949.4621667
SLV,222,Bf,0.041933905,0.041933905,
SLV,222,Ch,11598589.0,16445795.0,752446062.88
SLV,222,Ct,557416.1,1020536.06,422222881.6212
SLV,222,Dk,22441.246,35443.34,
SLV,222,Gt,9366.859,15146.051,407820.531
SLV,222,Ho,60980.547,97643.336,
SLV,222,Pg,110148.11,168390.89,18355503.1266
SLV,222,Sh,3153.4268,5445.99,346147.281
GNQ,226,Bf,0.0,0.0,
GNQ,226,Ch,270935.53125,357342.2,1301884.260443077
GNQ,226,Ct,4017.8720703125,5238.8457,254703.03225
GNQ,226,Dk,27895.529296875,36640.01,
GNQ,226,Gt,6736.61279296875,9367.788,316986.23942857137
GNQ,226,Ho,0.0,0.0,
GNQ,226,Pg,5093.9892578125,6820.791,665304.573
GNQ,226,Sh,28751.2890625,39559.125,694922.7341
ERI,232,Bf,0.0,0.0,
ERI,232,Ch,320925.0625,1225243.1,9894958.4052
ERI,232,Ct,494369.9375,2094617.2,243045851.797
ERI,232,Dk,0.0,0.0,
ERI,232,Gt,396970.4375,1832336.0,46843913.75
ERI,232,Ho,0.0,17.965586,
ERI,232,Pg,1057.1754150390625,2214.4048,
ERI,232,Sh,545273.75,2299535.5,50451135.3885
EST,233,Bf,0.0,0.0,0.0
EST,233,Ch,658909.0625,2245997.5,91951192.39864863
EST,233,Ct,74067.578125,263159.94,651226236.75
EST,233,Dk,3724.52978515625,9877.827,0.0
EST,233,Gt,2057.146240234375,4541.506,745604.8888888889
EST,233,Ho,2680.36767578125,6251.782,
EST,233,Pg,100569.515625,356853.25,99682616.0
EST,233,Sh,38007.875,84448.44,1688875.3125
ETH,231,Bf,0.0,0.0,
ETH,231,Ch,21468226.0,60498020.0,300492980.8664
ETH,231,Ct,22026650.0,57858996.0,5620549822.292667
ETH,231,Dk,0.0,140.5657,
ETH,231,Gt,10633770.0,29615280.0,982064510.432
ETH,231,Ho,935743.5,2082248.9,
ETH,231,Pg,12642.2216796875,34675.055,7849747.069200001
ETH,231,Sh,11217106.0,28795548.0,759953831.5035
FIN,246,Bf,0.17128062,0.6773409,0.0
FIN,246,Ch,422304.0,7221709.0,587076082.5810812
FIN,246,Ct,79338.86,902623.8,2110712864.275
FIN,246,Dk,2.0361981,7.539105,0.0
FIN,246,Gt,301.934,4465.6587,0.0
FIN,246,Ho,4887.916,73537.055,406495.8666666666
FIN,246,Pg,87198.586,1196091.2,393104149.3333334
FIN,246,Sh,12807.535,151087.8,8256723.75
FRA,250,Bf,24.664818,29.942102,0.0
FRA,250,Ch,27295014.0,246144200.0,3058622786.875
FRA,250,Ct,4095605.8,19367052.0,25249448020.800003
FRA,250,Dk,3846661.8,27283164.0,751724928.0
FRA,250,Gt,300468.12,1257692.0,1015447219.8333334
FRA,250,Ho,102537.21,396847.75,
FRA,250,Pg,1708187.8,13066808.0,4962824592.0
FRA,250,Sh,2286412.2,7034662.0,947170203.4
GAB,266,Bf,0.0,0.0,
GAB,266,Ch,2591977.0,3185328.5,17526369.897184618
GAB,266,Ct,26593.75390625,38818.633,9937265.29716
GAB,266,Dk,1.5876874923706057,1.671487,
GAB,266,Gt,83945.9375,109607.55,2284682.4597142856
GAB,266,Ho,0.132510095834732,0.15141077,
GAB,266,Pg,179966.296875,217747.9,13183822.6575
GAB,266,Sh,172902.84375,215641.6,5544849.1453
GMB,270,Bf,0.0,0.0,
GMB,270,Ch,775807.4375,1314760.8,5871422.0428
GMB,270,Ct,201417.0625,487575.62,50102633.26566666
GMB,270,Dk,16931.91796875,30945.729,
GMB,270,Gt,177494.21875,363305.44,7461424.08
GMB,270,Ho,1567.030029296875,5062.5576,
GMB,270,Pg,8311.49609375,10654.946,2175619.6548
GMB,270,Sh,21217.60546875,59214.047,4822807.77
GEO,268,Bf,10810.09,18936.762,
GEO,268,Ch,2980666.5,6652528.5,164005452.45323077
GEO,268,Ct,507999.25,973402.4,414203969.21568
GEO,268,Dk,358.52405,549.97473,214160.0
GEO,268,Gt,24264.422,53354.695,1654224.0000000002
GEO,268,Ho,20986.188,39796.586,877463.4299999999
GEO,268,Pg,81151.3,169865.34,76348845.0
GEO,268,Sh,379943.72,860173.5,40914750.0
DEU,276,Bf,2956.8674,7969.0884,0.0
DEU,276,Ch,47594710.0,140159500.0,5633483338.378378
DEU,276,Ct,4622461.5,12645373.0,28934865874.625
DEU,276,Dk,901488.94,2490411.2,140342400.0
DEU,276,Gt,45446.9,111954.04,3043345.0
DEU,276,Ho,160321.75,423364.88,
DEU,276,Pg,8919567.0,27736108.0,10357284365.333334
DEU,276,Sh,619934.8,1581124.8,198599226.5625
GHA,288,Bf,0.0,0.0,
GHA,288,Ch,17396288.0,71552530.0,379648718.876
GHA,288,Ct,302425.65625,1723494.0,246811854.2254
GHA,288,Dk,63550.890625,317774.8,
GHA,288,Gt,1457907.75,6348361.0,172177172.912
GHA,288,Ho,759.4318237304688,3042.193,
GHA,288,Pg,129421.4296875,725123.4,99295954.9614
GHA,288,Sh,961664.375,4516050.5,235499863.731
GRC,300,Bf,2736.0112,5154.3926,0.0
GRC,300,Ch,14552994.0,34134028.0,672006128.125
GRC,300,Ct,315789.56,601669.8,705333225.625
GRC,300,Dk,13930.883,25728.537,191376.0
GRC,300,Gt,2208829.2,4087585.5,707938434.4444444
GRC,300,Ho,7393.88,14326.843,
GRC,300,Pg,351205.1,707055.3,182647698.6666667
GRC,300,Sh,4753712.0,8668604.0,1630144360.3750002
GRD,308,Bf,0.0,0.0,
GRD,308,Ch,270000.0,270000.0,7517216.63855077
GRD,308,Ct,4492.0,4492.0,1004366.93087
GRD,308,Dk,0.0,0.0,
GRD,308,Gt,7197.0,7197.0,175749.70285714284
GRD,308,Ho,30.0,30.0,
GRD,308,Pg,2945.0,2945.0,887859.612
GRD,308,Sh,13732.0,13732.0,766294.5736
GTM,320,Bf,848.9485,1754.0596,
GTM,320,Ch,18187584.0,35904496.0,1655590209.5325325
GTM,320,Ct,2306974.0,3679476.0,1490266961.4247
GTM,320,Dk,214507.1,325924.8,
GTM,320,Gt,75575.96,112614.87,2603608.285142857
GTM,320,Ho,85344.07,129118.78,11832884.88
GTM,320,Pg,1564344.2,2880696.8,142500988.2405
GTM,320,Sh,363289.2,585119.2,13143463.3409
GIN,324,Bf,0.0,0.0,
GIN,324,Ch,14061630.0,28390670.0,135229832.4788
GIN,324,Ct,2899634.5,6410255.0,613888492.1386666
GIN,324,Dk,170043.4375,382312.5,
GIN,324,Gt,1253531.0,2674374.8,132365083.466
GIN,324,Ho,1384.9393310546875,3307.0664,
GIN,324,Pg,60286.7578125,120343.59,16031353.14
GIN,324,Sh,1042289.625,2227975.5,89841941.46
GNB,624,Bf,0.0,0.0,
GNB,624,Ch,769671.9375,2025948.2,13147721.74
GNB,624,Ct,241491.78125,693250.9,60919422.762666665
GNB,624,Dk,0.0,81.07469,
GNB,624,Gt,306486.8125,768366.4,10236299.71
GNB,624,Ho,1051.517822265625,2299.1455,
GNB,624,Pg,158932.515625,457871.66,43430461.9596
GNB,624,Sh,178984.703125,477729.44,10157788.008
GUY,328,Bf,1.3697054,2.0766113,
GUY,328,Ch,16649456.0,24937908.0,166642499.4773077
GUY,328,Ct,74227.016,111776.375,37829643.37
GUY,328,Dk,572.6995,835.3597,
GUY,328,Gt,52985.04,81640.29,1741513.994
GUY,328,Ho,1673.638,2347.7134,
GUY,328,Pg,7597.209,10551.224,3725491.6845
GUY,328,Sh,74710.6,130945.2,3640868.0731
HTI,332,Bf,0.0,0.0,
HTI,332,Ch,4119713.0,6030580.0,43568684.85
HTI,332,Ct,1013880.875,1471330.5,382463107.281
HTI,332,Dk,162626.78125,261004.22,466054.992
HTI,332,Gt,1523174.5,2186325.0,148826091.79299998
HTI,332,Ho,309707.5,499079.1,24241134.716
HTI,332,Pg,720428.25,1003062.75,110253986.0514
HTI,332,Sh,172313.625,207034.19,16389536.987999998
HND,340,Bf,0.031984493,0.031984493,
HND,340,Ch,17008866.0,45433056.0,1095731763.3760002
HND,340,Ct,1070719.0,2801665.5,1012466448.7054
HND,340,Dk,153.74928,246.65486,
HND,340,Gt,10603.18,25076.695,782483.679
HND,340,Ho,67564.85,182762.2,2457829.25
HND,340,Pg,186981.38,483063.3,31668830.4384
HND,340,Sh,6554.0215,16038.478,919360.6829999998
HKG,344,Bf,0.0,276.83417,
HKG,344,Ch,0.0,1171097.8,56773751.72696284
HKG,344,Ct,0.0,1531.56,18915973.005
HKG,344,Dk,0.0,205954.22,3294091.296
HKG,344,Gt,0.0,629.76575,566535.5792222222
HKG,344,Ho,0.0,1453.4392,
HKG,344,Pg,0.0,154077.05,233116940.27733332
HKG,344,Sh,0.0,18.194958,1563.7734375
HUN,348,Bf,5.2077394,6.1505623,
HUN,348,Ch,5632715.0,30438334.0,957413182.5
HUN,348,Ct,179037.97,797421.75,1602370634.45
HUN,348,Dk,779510.0,4289365.5,347666400.0
HUN,348,Gt,16644.541,69961.125,4825505.888888889
HUN,348,Ho,13748.521,60835.293,
HUN,348,Pg,582689.9,3130105.0,1017625077.3333334
HUN,348,Sh,277036.1,1185016.8,9667810.3125
ISL,352,Bf,0.0,0.0,
ISL,352,Ch,126781.2890625,220356.7,35900319.16722973
ISL,352,Ct,22095.125,77536.61,137756765.4625
ISL,352,Dk,0.0,0.0,
ISL,352,Gt,295.9991149902344,980.24194,
ISL,352,Ho,29238.00390625,73231.84,1823479.1
ISL,352,Pg,11781.763671875,28629.422,14686064.8
ISL,352,Sh,141531.53125,475682.44,54756074.4375
IND,356,Bf,12661707.0,110343560.0,167350128357.31332
IND,356,Ch,164059000.0,741161700.0,32911065201.399
IND,356,Ct,30356172.0,188167970.0,87518494454.0
IND,356,Dk,6956877.5,24718980.0,93904791.136
IND,356,Gt,21021924.0,138512880.0,17348391352.606
IND,356,Ho,97177.48,566372.6,
IND,356,Pg,2830100.0,9834100.0,1095968487.24
IND,356,Sh,8704457.0,66723820.0,2585116814.9295
IDN,360,Bf,680362.2,1339122.0,215517213.4333333
IDN,360,Ch,692424100.0,1961253900.0,28247386987.1
IDN,360,Ct,6866385.0,15312466.0,4213273093.3
IDN,360,Dk,15122976.0,45130944.0,89887235.2
IDN,360,Gt,6335573.5,18911342.0,1186305775.7925
IDN,360,Ho,263245.38,422912.4,6560749.199999999
IDN,360,Pg,4539508.5,7634442.0,905318384.94
IDN,360,Sh,6864282.0,16953994.0,935776590.5975
IRN,364,Bf,30192.178,101294.805,219891322.0
IRN,364,Ch,201560210.0,941912770.0,9708044123.426
IRN,364,Ct,1103359.5,4581316.5,8071782401.4
IRN,364,Dk,427941.28,1560906.4,6195498.887999999
IRN,364,Gt,2739099.2,15913642.0,938902426.3965
IRN,364,Ho,27343.84,138763.06,
IRN,364,Pg,242.3042,260.0258,0.0
IRN,364,Sh,9406137.0,44802452.0,3450722834.0681667
IRQ,368,Bf,66375.8671875,194133.58,65029108.40133334
IRQ,368,Ch,10765922.0,44554390.0,625726543.4959939
IRQ,368,Ct,586904.0625,1823877.2,291795204.425
IRQ,368,Dk,68.27944946289062,514.99304,
IRQ,368,Gt,257727.25,1239352.8,70424678.214
IRQ,368,Ho,14805.62890625,50987.41,
IRQ,368,Pg,0.0,0.0,
IRQ,368,Sh,1246174.0,6573592.0,359842999.4522857
IRL,372,Bf,0.0,0.0,0.0
IRL,372,Ch,846496.3125,15204560.0,397220530.625
IRL,372,Ct,785340.0625,6937583.5,10235228096.900002
IRL,372,Dk,13828.568359375,253626.81,
IRL,372,Gt,1956.4388427734373,10689.933,0.0
IRL,372,Ho,12675.2529296875,92603.75,
IRL,372,Pg,155161.125,1520805.9,766885136.0
IRL,372,Sh,989979.3125,5106061.0,426722495.625
ISR,376,Bf,1.0636016,2.7859068,
ISR,376,Ch,23313918.0,44769876.0,1984085908.671865
ISR,376,Ct,199606.06,497119.25,2142450093.7775
ISR,376,Dk,91106.414,180509.4,16323990.048
ISR,376,Gt,73198.8,122652.055,67724939.45
ISR,376,Ho,2158.1643,3812.796,
ISR,376,Pg,98026.91,189471.81,26353750.133333337
ISR,376,Sh,319267.2,528833.7,276632355.3734375
ITA,380,Bf,148214.77,374091.22,185655201.66666663
ITA,380,Ch,49235630.0,137315730.0,2727957896.875
ITA,380,Ct,2140015.8,5778285.5,13877552454.475
ITA,380,Dk,755117.6,1869366.6,14672160.0
ITA,380,Gt,481834.97,958603.5,96194897.05555557
ITA,380,Ho,148372.08,384180.12,
ITA,380,Pg,3283433.8,8672291.0,2893747373.333333
ITA,380,Sh,3810851.8,7135775.5,810416131.3750001
JAM,388,Bf,0.0,0.0,
JAM,388,Ch,9176936.0,13586708.0,427588274.8471016
JAM,388,Ct,110434.890625,156870.88,39710483.142
JAM,388,Dk,2288.25341796875,3016.864,
JAM,388,Gt,367918.125,523610.12,107483319.77428572
JAM,388,Ho,3174.82666015625,3975.999,195008.218
JAM,388,Pg,150356.0625,210642.67,26773732.65
JAM,388,Sh,1039.487548828125,1424.8074,51671.92
JPN,392,Bf,0.0,0.0,
JPN,392,Ch,118061008.0,301364030.0,13570186188.417229
JPN,392,Ct,1564701.125,3843721.8,8385134245.3525
JPN,392,Dk,122846.2890625,234297.81,
JPN,392,Gt,9126.216796875,16983.422,202416.2574444445
JPN,392,Ho,6760.19677734375,15674.75,9345570.066666666
JPN,392,Pg,3436535.75,9352633.0,2982117407.4666667
JPN,392,Sh,5239.1953125,13544.207,1363110.03
JOR,400,Bf,28.297955,99.67305,
JOR,400,Ch,11460268.0,28237356.0,838620140.1133846
JOR,400,Ct,27646.934,73950.336,328645304.01036
JOR,400,Dk,3788.6511,7025.8926,261853.432
JOR,400,Gt,380811.44,866916.8,44456454.742857136
JOR,400,Ho,1052.9347,2451.055,
JOR,400,Pg,1204.5103,1578.1223,
JOR,400,Sh,916477.0,2616097.8,240487475.54042852
KAZ,398,Bf,1735.18,9984.621,
KAZ,398,Ch,5635008.5,34356850.0,1368172975.9367447
KAZ,398,Ct,1145064.2,6201486.5,5905149813.6102495
KAZ,398,Dk,2692.4224,14737.507,618922.4
KAZ,398,Gt,527135.75,2336188.8,126157144.02028568
KAZ,398,Ho,437660.62,2071005.1,769164829.138
KAZ,398,Pg,158911.19,903538.3,288674355.9255
KAZ,398,Sh,3081332.8,15760008.0,1077378752.5177715
KEN,404,Bf,0.0,0.0,
KEN,404,Ch,13956841.0,41429572.0,579135620.3280001
KEN,404,Ct,5523210.0,18658818.0,5243698014.1134
KEN,404,Dk,351466.625,1145901.2,
KEN,404,Gt,5552020.0,24962268.0,993459394.268
KEN,404,Ho,720.239501953125,2053.579,
KEN,404,Pg,165195.671875,442146.03,70490889.9252
KEN,404,Sh,4978649.5,16753384.0,724861746.5233333
KOR,410,Bf,0.0,0.0,
KOR,410,Ch,66082832.0,162880620.0,4600198681.376108
KOR,410,Ct,1181231.375,3311176.0,3420026764.5950003
KOR,410,Dk,5574160.5,9379395.0,270489626.352
KOR,410,Gt,104091.8828125,281219.75,20468051.034444444
KOR,410,Ho,4991.4287109375,16432.4,
KOR,410,Pg,3646537.25,10106632.0,3272024800.0
KOR,410,Sh,1132.2882080078125,3225.124,34027.71
KGZ,417,Bf,3.1964028,66.65655,
KGZ,417,Ch,410506.12,4125022.0,123934566.131
KGZ,417,Ct,162563.95,1523301.5,2223834242.24
KGZ,417,Dk,11263.953,90263.01,
KGZ,417,Gt,98892.625,878495.5,44782775.465
KGZ,417,Ho,60410.75,449655.34,150039136.6
KGZ,417,Pg,5572.423,50253.996,28272788.28
KGZ,417,Sh,520904.3,5097057.0,702003201.567
LAO,418,Bf,512011.94,1167101.2,79420371.345
LAO,418,Ch,10228919.0,34255572.0,182062529.562
LAO,418,Ct,748082.5,1828649.6,299768661.019
LAO,418,Dk,1173983.0,3536909.8,9851381.416
LAO,418,Gt,192375.06,534629.0,15291563.657
LAO,418,Ho,14303.318,32405.229,
LAO,418,Pg,1220608.5,3260147.2,348854234.2488
LAO,418,Sh,7293.334,19697.553,
LVA,428,Bf,0.0,0.04251053,0.0
LVA,428,Ch,430622.03,3969132.0,100341205.0
LVA,428,Ct,86805.766,422644.44,783842214.4250001
LVA,428,Dk,11977.95,56659.992,0.0
LVA,428,Gt,3055.5547,12280.868,2344955.4444444445
LVA,428,Ho,2249.7832,10072.665,
LVA,428,Pg,69837.53,349019.56,89283157.33333334
LVA,428,Sh,23858.459,92762.73,5066625.9375
LBN,422,Bf,0.0,0.0,
LBN,422,Ch,43729508.0,63405852.0,576109526.889
LBN,422,Ct,63889.3359375,84602.086,600819030.1644001
LBN,422,Dk,380.4207763671875,380.42078,
LBN,422,Gt,373046.71875,508117.78,82128474.662
LBN,422,Ho,2939.1142578125,3562.4797,
LBN,422,Pg,7816.265625,8265.302,2400258.4308
LBN,422,Sh,255462.078125,406914.56,97736734.17116666
LSO,426,Bf,0.0,0.0,
LSO,426,Ch,111939.53125,513690.53,6624670.024
LSO,426,Ct,138362.0,506251.16,150676926.4274
LSO,426,Dk,28.44660186767578,130.88509,
LSO,426,Gt,293460.59375,810354.25,1335565.1260000002
LSO,426,Ho,23387.720703125,59541.312,
LSO,426,Pg,27137.41796875,90556.69,1657296.6876
LSO,426,Sh,457419.8125,1358259.5,10749084.042
LBR,430,Bf,0.0,0.0,
LBR,430,Ch,1788392.25,7667867.0,62270062.023200005
LBR,430,Ct,11772.755859375,44728.97,13348064.941333337
LBR,430,Dk,91775.546875,322939.06,740308.288
LBR,430,Gt,89533.6875,344770.0,7380942.029999999
LBR,430,Ho,0.8465712070465088,226.78322,
LBR,430,Pg,66542.2265625,288431.2,34241495.6844
LBR,430,Sh,60464.9140625,276835.0,6673965.21
LTU,440,Bf,0.025065407,0.04405082,0.0
LTU,440,Ch,1584272.8,10150135.0,231201945.0
LTU,440,Ct,111491.22,735054.06,1342908035.9250002
LTU,440,Dk,3142.5776,18889.543,0.0
LTU,440,Gt,2147.4102,12991.236,6141783.055555556
LTU,440,Ho,3081.6692,18151.008,
LTU,440,Pg,86650.79,712425.44,164200765.33333334
LTU,440,Sh,25284.041,124147.56,6004890.0
LUX,442,Bf,0.0,0.0,0.0
LUX,442,Ch,54323.38671875,111377.95,0.0
LUX,442,Ct,124515.0703125,201229.83,376600146.325
LUX,442,Dk,0.2792024612426758,30.463524,0.0
LUX,442,Gt,2348.60888671875,4721.675,4474467.388888889
LUX,442,Ho,2319.036865234375,4678.2637,
LUX,442,Pg,61258.70703125,93816.63,29607328.0
LUX,442,Sh,5285.4072265625,9580.829,431197.3875
MKD,807,Bf,322.3603,650.6897,
MKD,807,Ch,781918.3,1794341.2,21729453.43287693
MKD,807,Ct,103999.45,253934.1,187540062.1646
MKD,807,Dk,184.1593,254.52707,0.0
MKD,807,Gt,35435.89,89758.37,7482744.412
MKD,807,Ho,7242.9463,18867.188,
MKD,807,Pg,78846.3,194785.53,49766906.55
MKD,807,Sh,329451.22,735136.5,56132344.225
MDG,450,Bf,0.0,0.0,
MDG,450,Ch,19191800.0,37106864.0,211096972.6716
MDG,450,Ct,3861996.5,10274526.0,563327113.3946667
MDG,450,Dk,2384642.5,4325855.0,27135828.112
MDG,450,Gt,658846.5625,1559957.0,23336280.0
MDG,450,Ho,227.66758728027344,493.58447,26233.189999999995
MDG,450,Pg,777963.0,1624673.5,91302570.0
MDG,450,Sh,296075.34375,858141.0,9438892.65
MWI,454,Bf,0.6395139,0.6395139,
MWI,454,Ch,6491255.0,18085900.0,509603775.7592
MWI,454,Ct,500138.12,1395538.9,460014359.66866666
MWI,454,Dk,152144.6,414112.6,
MWI,454,Gt,2036446.5,6547863.0,528233230.63400006
MWI,454,Ho,55.849785,108.56283,
MWI,454,Pg,876464.5,3153636.0,1187107401.69
MWI,454,Sh,89174.62,275679.03,14316134.669999998
MYS,458,Bf,68533.805,118311.37,30636321.538000003
MYS,458,Ch,121669460.0,285462270.0,6197511396.846203
MYS,458,Ct,311899.03,738955.6,178558473.27899998
MYS,458,Dk,4698424.0,9839143.0,150056065.432
MYS,458,Gt,171874.12,429749.3,13247897.981999995
MYS,458,Ho,2326.2302,3241.022,933656.394
MYS,458,Pg,1072587.0,1877522.8,724740267.774
MYS,458,Sh,51013.586,146616.62,9819286.3624
MLI,466,Bf,0.0,0.0,
MLI,466,Ch,5075079.0,38660280.0,234715262.55640003
MLI,466,Ct,2712098.5,10326338.0,584499654.6183333
MLI,466,Dk,30316.59765625,159930.1,
MLI,466,Gt,4326937.5,20088884.0,144393040.82599998
MLI,466,Ho,87988.8203125,528757.3,14758057.184
MLI,466,Pg,3692.512451171875,79099.09,2609427.4506
MLI,466,Sh,2720436.5,14423528.0,83233357.4085
MLT,470,Bf,0.0,0.0,0.0
MLT,470,Ch,836195.875,1035000.0,11664390.625
MLT,470,Ct,7267.44775390625,15020.0,33839938.725
MLT,470,Dk,0.0,0.0,0.0
MLT,470,Gt,3270.11865234375,4937.0,1531888.2777777778
MLT,470,Ho,793.873779296875,1049.0,
MLT,470,Pg,36829.17578125,43634.0,10214989.333333334
MLT,470,Sh,7652.69140625,11076.0,3724997.100000001
MHL,584,Bf,0.0,0.0,
MHL,584,Ch,0.0,0.0,
MHL,584,Ct,0.0,0.0,
MHL,584,Dk,0.0,0.0,
MHL,584,Gt,0.0,0.0,
MHL,584,Ho,0.0,0.0,
MHL,584,Pg,0.0,0.0,
MHL,584,Sh,0.0,0.0,
MRT,478,Bf,0.0,0.0,
MRT,478,Ch,662506.6875,4580607.5,27399692.369000003
MRT,478,Ct,262081.953125,1843813.1,340169339.29760003
MRT,478,Dk,0.0,34.937664,
MRT,478,Gt,1046308.0,7385324.5,355614841.07650006
MRT,478,Ho,7811.4560546875,64687.89,2664850.798
MRT,478,Pg,1.3984436988830566,3.0127537,0.0
MRT,478,Sh,1790843.0,11080657.0,573556635.4356667
MUS,480,Bf,24.241959,25.0,
MUS,480,Ch,14283209.0,14694001.0,195442945.47692308
MUS,480,Ct,5726.3784,5898.0,11949586.523
MUS,480,Dk,35270.15,36000.0,89925.784
MUS,480,Gt,25805.695,26809.0,127354.85714285712
MUS,480,Ho,146.40164,150.0,
MUS,480,Pg,19072.156,21963.998,2150308.05
MUS,480,Sh,2676.247,2751.9998,278963.7781
MEX,484,Bf,0.0,0.0,
MEX,484,Ch,212065920.0,534243900.0,17709191774.96111
MEX,484,Ct,12641609.0,33483982.0,18043246244.62425
MEX,484,Dk,3788620.0,8336810.5,
MEX,484,Gt,3988464.75,8722813.0,352048156.3562857
MEX,484,Ho,2670381.0,6361590.5,357403922.6
MEX,484,Pg,7223693.5,16353936.0,6381034970.5395
MEX,484,Sh,3345365.75,8708599.0,479987048.8928142
MDA,498,Bf,0.07266,0.25414166,
MDA,498,Ch,2668503.5,37024896.0,228612926.80038464
MDA,498,Ct,17644.008,195735.45,131077727.05
MDA,498,Dk,88095.25,1310552.4,
MDA,498,Gt,9482.968,113266.95,9437560.0
MDA,498,Ho,3952.4448,43238.508,216485.11
MDA,498,Pg,28644.707,477788.16,194412965.3835
MDA,498,Sh,47745.05,582925.5,21005569.1834
MNG,496,Bf,11.871955,15.26279,176391360.10666665
MNG,496,Ch,91603.18,805819.94,26657599.32
MNG,496,Ct,459976.9,3777931.5,1453817588.8236
MNG,496,Dk,147.18272,434.76614,
MNG,496,Gt,2492464.5,23586190.0,1011479876.3285
MNG,496,Ho,305728.47,3294711.8,405182603.166
MNG,496,Pg,6301.9893,33490.895,916539.9876
MNG,496,Sh,2238895.5,24933594.0,2027759670.4683328
MNE,499,Bf,0.0,0.0,
MNE,499,Ch,258470.140625,607731.5,25024525.514307693
MNE,499,Ct,27141.556640625,91906.46,95986553.014
MNE,499,Dk,83.7044677734375,120.195244,
MNE,499,Gt,15229.08203125,29264.629,3649061.0577142863
MNE,499,Ho,1716.23681640625,4854.174,
MNE,499,Pg,11192.8740234375,24907.61,12107045.7585
MNE,499,Sh,63612.203125,192736.47,15815754.45798571
MAR,504,Bf,0.0,0.0,
MAR,504,Ch,68321328.0,190810940.0,2846040459.2
MAR,504,Ct,1191005.875,3286717.8,3429235474.7
MAR,504,Dk,0.0,8.571438,
MAR,504,Gt,2708386.25,6216539.0,261671414.4485
MAR,504,Ho,52913.6953125,161755.6,9644154.222
MAR,504,Pg,2682.538818359375,7887.58,2129589.378
MAR,504,Sh,5998271.0,18488212.0,1672724216.0956666
MOZ,508,Bf,131.91597,361.55463,
MOZ,508,Ch,4573686.0,14270055.0,475302097.9604
MOZ,508,Ct,459648.03,1672722.1,127788671.83333331
MOZ,508,Dk,830281.25,2488185.0,7811100.512
MOZ,508,Gt,875278.6,3225307.5,27534733.134
MOZ,508,Ho,4996.7207,16737.736,
MOZ,508,Pg,482853.7,1580862.2,470765594.6226
MOZ,508,Sh,35327.523,136253.14,3929211.0
MMR,104,Bf,998429.0,3525108.0,252174009.46666664
MMR,104,Ch,101386000.0,318256400.0,2606764288.0
MMR,104,Ct,4512045.5,15982730.0,1402457000.0
MMR,104,Dk,7334293.0,23410294.0,117788000.0
MMR,104,Gt,2386928.8,6338298.0,73121277.072
MMR,104,Ho,38370.504,107150.83,
MMR,104,Pg,4565255.5,15057090.0,981933300.0
MMR,104,Sh,484185.47,1322109.9,25520992.458666667
NAM,516,Bf,0.0,0.0,
NAM,516,Ch,1236479.875,4066094.5,39472331.28525231
NAM,516,Ct,686602.625,2774401.2,199136379.36917
NAM,516,Dk,3.616109371185303,18.030968,
NAM,516,Gt,506770.375,1869931.5,22351477.880285718
NAM,516,Ho,12054.732421875,47168.3,
NAM,516,Pg,22276.18359375,82576.22,26314090.473
NAM,516,Sh,462334.28125,1973686.9,45029908.832
NPL,524,Bf,2318369.5,5204058.0,2947254489.666666
NPL,524,Ch,26198248.0,50282984.0,923128104.1
NPL,524,Ct,3271511.0,7272359.5,889801334.96
NPL,524,Dk,219227.5,390698.28,1276393.6
NPL,524,Gt,4479756.0,10280148.0,707768054.8755001
NPL,524,Ho,8347.408,17677.242,
NPL,524,Pg,492364.62,1206531.9,124236957.42
NPL,524,Sh,358726.28,782896.2,73399935.35533333
NLD,528,Bf,0.43027532,0.43027532,
NLD,528,Ch,31037228.0,105740180.0,2371219663.125
NLD,528,Ct,1517454.8,4259189.0,12827342181.45
NLD,528,Dk,531878.5,897369.0,
NLD,528,Gt,128322.45,465217.78,621685609.4444444
NLD,528,Ho,45246.445,135216.27,
NLD,528,Pg,2618804.8,12470693.0,3882111002.666667
NLD,528,Sh,370607.5,1023254.56,99518541.5625
NZL,554,Bf,0.0,0.0,
NZL,554,Ch,11084134.0,20899532.0,761334719.891527
NZL,554,Ct,4357458.0,9925689.0,19301387897.1975
NZL,554,Dk,93889.8359375,179003.72,4163640.048
NZL,554,Gt,31671.701171875,73882.67,11017449.939111112
NZL,554,Ho,19870.322265625,40231.16,0.0
NZL,554,Pg,142415.15625,266213.28,103651012.53333332
NZL,554,Sh,12441931.0,28988708.0,2833011399.0600004
NIC,558,Bf,13.40944480895996,13.409445,
NIC,558,Ch,9721406.0,22899208.0,670583825.8580002
NIC,558,Ct,1616663.0,5071180.5,2201264720.59
NIC,558,Dk,0.0,0.0,
NIC,558,Gt,2752.82958984375,7412.467,188604.899
NIC,558,Ho,93352.65625,267918.06,9338623.368
NIC,558,Pg,199030.75,592957.9,51203721.5928
NIC,558,Sh,2198.85205078125,6453.5566,213083.106
NER,562,Bf,0.0,0.0,
NER,562,Ch,2200784.25,18180822.0,91466540.8264
NER,562,Ct,1878828.25,12041794.0,916851710.6923332
NER,562,Dk,48742.0859375,435985.88,0.0
NER,562,Gt,1549067.5,15450138.0,292593601.864
NER,562,Ho,23287.193359375,244327.05,4196427.788
NER,562,Pg,7096.59619140625,42195.625,5255651.5596
NER,562,Sh,1157474.0,11490224.0,161522247.15
NGA,566,Bf,0.0,0.0,
NGA,566,Ch,21151296.0,142479520.0,2787271873.8770003
NGA,566,Ct,3165253.25,20199302.0,2685687022.2555995
NGA,566,Dk,1469790.625,9918445.0,
NGA,566,Gt,11940917.0,72462430.0,1415160111.4870002
NGA,566,Ho,17917.4453125,103279.81,
NGA,566,Pg,1451488.25,7361788.5,1251097031.8242002
NGA,566,Sh,5563101.0,41621930.0,1331872977.024
NOR,578,Bf,0.0,0.008251815,
NOR,578,Ch,5991421.0,14345038.0,491162562.00472975
NOR,578,Ct,272733.2,829316.4,1619730622.515
NOR,578,Dk,50765.688,114634.99,5326632.0
NOR,578,Gt,14230.481,64679.934,28378419.333333336
NOR,578,Ho,11045.325,36257.91,19174.33333333333
NOR,578,Pg,290099.84,829535.56,305771755.2
NOR,578,Sh,606764.56,2263984.0,149574830.90625
OMN,512,Bf,0.0,0.0,
OMN,512,Ch,2040882.125,4459533.0,103928844.3399831
OMN,512,Ct,225988.28125,373427.94,251900211.183
OMN,512,Dk,0.0,0.0,
OMN,512,Gt,973383.0625,2176041.2,277472100.63611114
OMN,512,Ho,3.26823091506958,6.7927933,
OMN,512,Pg,0.0,0.0,
OMN,512,Sh,277577.34375,585714.9,238097451.3268125
PAK,586,Bf,7814831.0,35477864.0,61652463733.33333
PAK,586,Ch,126341750.0,469117760.0,9829433131.2
PAK,586,Ct,11380408.0,41163764.0,27321442538.0
PAK,586,Dk,1019210.75,3694970.2,11033566.032
PAK,586,Gt,18656620.0,68325420.0,5079183300.0
PAK,586,Ho,105824.625,361829.0,
PAK,586,Pg,251.1966,604.8088,
PAK,586,Sh,7068396.5,29393448.0,2434171711.129
PSE,275,Bf,0.0,0.23079877,
PSE,275,Ch,2629712.8,5869465.0,184986448.096
PSE,275,Ct,12614.115,30546.309,179469704.79500002
PSE,275,Dk,0.0,793.7658,
PSE,275,Gt,103319.47,211778.78,76288582.367
PSE,275,Ho,1275.8885,2377.5002,
PSE,275,Pg,0.0,916.0658,
PSE,275,Sh,344279.88,693455.1,247719162.01966664
PAN,591,Bf,695.38257,1726.5233,
PAN,591,Ch,14280750.0,23902410.0,727721300.3552736
PAN,591,Ct,840437.75,1531865.4,589464181.2419
PAN,591,Dk,70073.24,114010.586,
PAN,591,Gt,5466.135,8458.66,
PAN,591,Ho,62149.04,111238.07,0.0
PAN,591,Pg,187769.47,362412.44,76364216.51200001
PAN,591,Sh,16402.436,28048.355,
PNG,598,Bf,0.0,0.0,
PNG,598,Ch,3730115.25,4393104.5,37094352.829
PNG,598,Ct,76144.2734375,92467.57,20892394.3526
PNG,598,Dk,13882.291015625,16903.896,34693.92
PNG,598,Gt,2511.0888671875,3006.3875,141083.5095
PNG,598,Ho,1694.063720703125,2031.2686,221094.306
PNG,598,Pg,1672994.25,1993469.5,283151905.71660006
PNG,598,Sh,6197.5654296875,7250.6313,288681.6
PRY,600,Bf,114.75104,249.8374,
PRY,600,Ch,8512488.0,17283998.0,488180220.4311508
PRY,600,Ct,4682182.0,14212628.0,2973321736.479
PRY,600,Dk,486815.5,1308586.8,3945127.024
PRY,600,Gt,53996.914,145896.06,5257845.277142857
PRY,600,Ho,101698.25,275472.12,10298169.714
PRY,600,Pg,440925.6,1263130.1,250682396.1
PRY,600,Sh,173820.31,497911.38,12189767.1088
PER,604,Bf,12.8990555,12.8990555,
PER,604,Ch,104978210.0,148867950.0,6285873522.111609
PER,604,Ct,3253903.5,5548958.5,2115751224.21888
PER,604,Dk,1059560.4,1616040.6,
PER,604,Gt,884866.5,1879298.9,42136702.48857143
PER,604,Ho,439802.4,743122.44,
PER,604,Pg,2346363.0,3193782.8,669083767.0605
PER,604,Sh,5636942.0,11953342.0,223907460.5494
PHL,608,Bf,1308789.9,2834549.0,238277429.4583333
PHL,608,Ch,77592720.0,175528880.0,7015126560.8220005
PHL,608,Ct,1057015.9,2516972.5,838819501.5
PHL,608,Dk,5656563.0,10048323.0,42163585.224
PHL,608,Gt,1558364.1,3636384.5,157732574.112
PHL,608,Ho,90705.414,241201.81,2904528.99
PHL,608,Pg,4859162.5,11909646.0,4189524748.876801
PHL,608,Sh,11876.862,29924.781,1052064.006
POL,616,Bf,0.0,0.46090806,0.0
POL,616,Ch,52613096.0,145968450.0,6124793120.625
POL,616,Ct,2200313.2,5952537.5,14035190913.325
POL,616,Dk,1012687.7,2813690.0,417710016.0
POL,616,Gt,37058.69,81341.836,12880351.722222222
POL,616,Ho,84511.664,206525.8,
POL,616,Pg,3836896.5,11631391.0,4161997098.666667
POL,616,Sh,103303.89,226606.78,8147716.6375
PRT,620,Bf,0.014216831,0.047296714,0.0
PRT,620,Ch,2444580.2,10546995.0,1269380657.1655405
PRT,620,Ct,635557.25,1599629.5,1996379214.475
PRT,620,Dk,234674.56,752312.4,61304112.0
PRT,620,Gt,123946.59,373614.97,49375301.44444445
PRT,620,Ho,11562.262,33928.023,
PRT,620,Pg,913543.3,2245540.0,852525024.0
PRT,620,Sh,649092.3,2049269.2,187566432.90000004
QAT,634,Bf,0.0,0.0,
QAT,634,Ch,4558183.5,8131484.0,104318097.1347973
QAT,634,Ct,12795.84375,17383.678,10970092.05
QAT,634,Dk,4391.6953125,8591.13,184996.8
QAT,634,Gt,251966.34375,314777.44,18242334.150222223
QAT,634,Ho,6833.4580078125,8343.689,
QAT,634,Pg,0.0,0.0,
QAT,634,Sh,497895.46875,630902.0,49990965.6569875
ROU,642,Bf,7130.5146,21857.361,10287830.0
ROU,642,Ch,14146364.0,75461440.0,1304902240.625
ROU,642,Ct,636757.56,2067020.2,3058856636.5
ROU,642,Dk,817827.0,4144350.5,0.0
ROU,642,Gt,388666.5,1416188.0,325772098.4444444
ROU,642,Ho,147074.25,523697.9,
ROU,642,Pg,1100670.4,5054787.0,795454824.0
ROU,642,Sh,2786711.0,9512338.0,897187252.3125
RUS,643,Bf,1603.2821,6803.1523,
RUS,643,Ch,52583652.0,475457280.0,20865848280.86003
RUS,643,Ct,2976840.0,19284524.0,24606341935.826
RUS,643,Dk,3718290.5,29597312.0,
RUS,643,Gt,279587.12,2110896.5,239499758.77142856
RUS,643,Ho,206842.16,1375469.9,224928764.8
RUS,643,Pg,2373203.0,19561628.0,16716144387.45
RUS,643,Sh,4378229.0,22618032.0,1285539055.01
RWA,646,Bf,0.0,0.0,
RWA,646,Ch,1960125.25,4787932.0,49268907.3936
RWA,646,Ct,647550.875,1336109.6,363158921.0786667
RWA,646,Dk,11235.517578125,23655.055,
RWA,646,Gt,1477407.0,2679274.8,91755261.032
RWA,646,Ho,0.0,0.0,
RWA,646,Pg,773969.6875,1478448.8,23064166.1574
RWA,646,Sh,376581.9375,711011.1,20776670.892
STP,678,Bf,0.0,0.0,
STP,678,Ch,273000.0,273000.0,3025773.688
STP,678,Ct,1100.0001220703125,1100.0001,1847065.1786
STP,678,Dk,34000.0,34000.0,77975.65599999999
STP,678,Gt,5722.0,5722.0,58878.548
STP,678,Ho,292.0,292.0,
STP,678,Pg,35266.0,35266.0,1866155.6232
STP,678,Sh,3240.0,3240.0,30943.059
SAU,682,Bf,0.0,22.056305,
SAU,682,Ch,47159484.0,185558780.0,4121062719.5945945
SAU,682,Ct,45945.68359375,355635.94,1973995767.497725
SAU,682,Dk,0.0,0.0,
SAU,682,Gt,705223.5,3587947.0,370978657.5865001
SAU,682,Ho,3966.90234375,27983.98,
SAU,682,Pg,0.0,0.0,
SAU,682,Sh,1760505.0,9141256.0,866341070.3589624
SEN,686,Bf,0.0,0.0,
SEN,686,Ch,24485244.0,59032604.0,691322242.0
SEN,686,Ct,1038564.375,3494097.2,799008927.8954
SEN,686,Dk,0.0,53.520645,
SEN,686,Gt,1835302.25,5517402.0,166159121.122
SEN,686,Ho,159863.625,550377.2,35019053.085999995
SEN,686,Pg,94478.9765625,399732.25,68211633.24000001
SEN,686,Sh,2038068.25,6011102.0,416010292.6173333
SLE,694,Bf,0.0,0.0,
SLE,694,Ch,2275161.0,12439032.0,93114470.0556
SLE,694,Ct,220490.953125,628265.2,186780999.416
SLE,694,Dk,206222.3125,1090225.2,3800569.024
SLE,694,Gt,204322.03125,905735.7,11245626.81
SLE,694,Ho,84363.71875,428305.25,
SLE,694,Pg,32083.3125,130731.914,5192945.6436
SLE,694,Sh,215864.921875,869183.7,14498507.43
SGP,702,Bf,0.0,0.0,0.0
SGP,702,Ch,1077065.875,3542000.0,224419139.04829052
SGP,702,Ct,48.67565536499024,177.0,212650.6725
SGP,702,Dk,0.0,0.0,27664612.848
SGP,702,Gt,197.14610290527344,696.0,64789.43355555556
SGP,702,Ho,0.0,0.0,
SGP,702,Pg,0.0,0.0,57169260.032
SGP,702,Sh,0.0,0.0,142053.1790625
SVK,703,Bf,163.96523,426.61182,0.0
SVK,703,Ch,2534592.5,12175946.0,
SVK,703,Ct,150684.55,465440.22,711215240.1
SVK,703,Dk,32043.936,167178.42,
SVK,703,Gt,11948.943,35174.008,2083637.5
SVK,703,Ho,2334.1543,6858.7085,
SVK,703,Pg,143937.38,641771.1,136322837.33333334
SVK,703,Sh,156886.64,390881.53,18360515.1
SVN,705,Bf,0.0,0.0,0.0
SVN,705,Ch,1407302.5,3328311.2,187837857.5
SVN,705,Ct,157745.25,469503.0,662240134.875
SVN,705,Dk,5058.7890625,10379.595,0.0
SVN,705,Gt,9586.7646484375,22071.492,5174197.833333334
SVN,705,Ho,8777.9248046875,21021.807,
SVN,705,Pg,136065.078125,309640.0,60436765.333333336
SVN,705,Sh,54927.68359375,113408.05,9283385.2
SLB,90,Bf,0.0,0.0,
SLB,90,Ch,194354.03125,231829.56,2354370.895
SLB,90,Ct,12277.2529296875,14536.642,7746354.634
SLB,90,Dk,0.0,0.0,
SLB,90,Gt,0.0,0.0,
SLB,90,Ho,121.00395965576172,143.53625,
SLB,90,Pg,45003.65234375,53208.113,8893077.0408
SLB,90,Sh,0.0,0.0,
SOM,706,Bf,0.0,0.0,
SOM,706,Ch,1247671.875,3695280.8,19957223.149600003
SOM,706,Ct,1706987.5,4924503.5,651167178.8576667
SOM,706,Dk,0.0,110.19542,
SOM,706,Gt,3444138.25,11833046.0,360568480.756
SOM,706,Ho,430.689697265625,856.02313,
SOM,706,Pg,1214.01171875,3738.6357,349843.8852
SOM,706,Sh,4064408.25,12208822.0,348332292.18
ZAF,710,Bf,0.58790135,0.58790135,
ZAF,710,Ch,37839790.0,161975570.0,6825875860.615385
ZAF,710,Ct,4445590.0,13696538.0,7139173893.749999
ZAF,710,Dk,136716.22,404131.25,2604763.832
ZAF,710,Gt,2191078.5,5879869.5,76794978.85714285
ZAF,710,Ho,100994.16,315895.3,6602084.862
ZAF,710,Pg,351928.16,1522056.4,1296676326.0
ZAF,710,Sh,7071501.5,23933712.0,1003574040.9228
SSD,728,Bf,0.0,0.0,
SSD,728,Ch,2821514.5,14946549.0,153041989.872
SSD,728,Ct,2463782.0,11759964.0,2870733253.329
SSD,728,Dk,7.042621612548828,526.3985,0.0
SSD,728,Gt,3008586.25,13507916.0,329745061.708
SSD,728,Ho,0.0,61.58153,
SSD,728,Pg,1132.87939453125,4929.6826,
SSD,728,Sh,3970001.0,17198542.0,152542784.30400002
ESP,724,Bf,339.2117,685.4919,
ESP,724,Ch,42000116.0,138143760.0,3705131929.375
ESP,724,Ct,2697146.0,6188934.0,9747743016.225
ESP,724,Dk,139987.84,302729.38,20222064.0
ESP,724,Gt,1578936.0,3007486.2,728542663.0
ESP,724,Ho,126836.77,317966.53,
ESP,724,Pg,8516183.0,28367512.0,11682327586.666668
ESP,724,Sh,8413092.0,16533279.0,1463780998.8125
LKA,144,Bf,208634.22,322657.97,163590448.9933333
LKA,144,Ch,9426292.0,16703907.0,1094156994.284
LKA,144,Ct,641538.25,1079435.8,471453758.06180006
LKA,144,Dk,6518.92,11903.619,38420.304
LKA,144,Gt,184217.78,303279.7,51692690.07
LKA,144,Ho,913.0902,1365.3286,
LKA,144,Pg,34605.26,69664.21,5955167.061000001
LKA,144,Sh,4579.4185,7534.38,1006235.802
SDN,729,Bf,0.0,0.0,
SDN,729,Ch,11357988.0,47075508.0,467651076.23960006
SDN,729,Ct,6657469.5,30407888.0,4640248211.091
SDN,729,Dk,0.0,10.972218,
SDN,729,Gt,6944859.5,31203130.0,1116694396.376
SDN,729,Ho,147989.25,789089.0,
SDN,729,Pg,23.170827865600582,988.764,
SDN,729,Sh,9978475.0,40181464.0,2001501112.302
SUR,740,Bf,794.6412,865.76697,
SUR,740,Ch,4788173.0,4975534.0,45384321.2955323
SUR,740,Ct,35341.305,37225.938,10698115.37186
SUR,740,Dk,393055.5,415512.9,1740799.56
SUR,740,Gt,4058.4087,4198.079,42854.90942857142
SUR,740,Ho,246.5955,261.42413,
SUR,740,Pg,34868.176,36550.086,8167887.958500001
SUR,740,Sh,6168.621,6441.3833,71501.0193
SWZ,748,Bf,41.86384963989258,93.9854,
SWZ,748,Ch,1544597.25,3684296.2,23715858.299
SWZ,748,Ct,261133.125,613440.75,148216071.106
SWZ,748,Dk,0.0,0.0,
SWZ,748,Gt,110945.3203125,268277.44,8028772.522
SWZ,748,Ho,743.0496826171875,1675.5159,
SWZ,748,Pg,15073.9716796875,35207.438,4921105.1616
SWZ,748,Sh,16091.9638671875,36590.555,6442471.181999999
SWE,752,Bf,0.0,0.0,0.0
SWE,752,Ch,1001654.5,9390812.0,458808513.125
SWE,752,Ct,203030.328125,1420338.9,2787960888.2
SWE,752,Dk,21.66546630859375,23.934643,
SWE,752,Gt,155.0953826904297,287.15222,67629.88888888889
SWE,752,Ho,13037.3837890625,96515.39,
SWE,752,Pg,191132.421875,1426707.4,589195050.6666667
SWE,752,Sh,104847.7109375,587535.4,31838427.1875
CHE,756,Bf,0.0,89.27952,
CHE,756,Ch,974223.6,10790883.0,492433410.66858107
CHE,756,Ct,182746.27,1555403.9,3488680679.75
CHE,756,Dk,632.9634,3465.2454,
CHE,756,Gt,14627.143,74870.2,33862311.822222225
CHE,756,Ho,8720.504,55736.82,556055.6666666666
CHE,756,Pg,103105.72,1500707.6,536056353.3333334
CHE,756,Sh,62631.36,349309.5,40291433.25
TJK,762,Bf,5541.4023,15159.387,
TJK,762,Ch,1236760.2,5237009.0,177969426.736
TJK,762,Ct,593403.6,2216935.8,2681426442.8826
TJK,762,Dk,268.1823,735.0945,
TJK,762,Gt,535300.0,1915921.1,130308015.2725
TJK,762,Ho,26765.082,79726.516,
TJK,762,Pg,226.96039,1016.85956,12747.906
TJK,762,Sh,890504.5,3370659.0,763148033.3504999
TZA,834,Bf,0.0,0.0,
TZA,834,Ch,12934944.0,36618690.0,832523673.042
TZA,834,Ct,8262167.5,26703192.0,6403941367.06
TZA,834,Dk,490072.8125,1351237.2,2834364.768
TZA,834,Gt,5001705.5,18023034.0,923283753.3205
TZA,834,Ho,764.4398193359375,4570.2046,
TZA,834,Pg,211561.421875,512728.12,153043779.6
TZA,834,Sh,2244580.0,6160700.5,304076098.0095
THA,764,Bf,141607.31,989112.56,112136874.50600004
THA,764,Ch,81937096.0,272010460.0,6867386486.633383
THA,764,Ct,1142850.4,4743518.0,1327296829.573
THA,764,Dk,5957729.0,15305086.0,159972080.336
THA,764,Gt,192276.12,445072.94,11864760.555999998
THA,764,Ho,2632.8652,5995.08,
THA,764,Pg,3055804.5,7621100.0,3285347084.571
THA,764,Sh,10893.581,42560.273,986675.3124
TLS,626,Bf,78427.4375,127134.25,2437729.103333333
TLS,626,Ch,611631.125,900028.4,6513329.888
TLS,626,Ct,155034.984375,218317.48,8753254.848000001
TLS,626,Dk,0.0,0.0,
TLS,626,Gt,94627.84375,155257.5,18236852.456
TLS,626,Ho,31389.13671875,50331.105,
TLS,626,Pg,276708.25,412151.44,32646663.7362
TLS,626,Sh,16592.560546875,39295.676,692565.2009999999
TGO,768,Bf,0.0,0.0,
TGO,768,Ch,7066659.0,26354054.0,176274059.028
TGO,768,Ct,129695.375,449808.9,57828881.73966666
TGO,768,Dk,8896.60546875,14224.51,
TGO,768,Gt,932067.4375,3187034.0,38881194.66
TGO,768,Ho,886.333984375,1878.0852,
TGO,768,Pg,291498.21875,882389.25,59100532.55280001
TGO,768,Sh,487749.53125,2009497.5,39051647.91
TUN,788,Bf,0.0,0.0,
TUN,788,Ch,8130491.0,89190504.0,793780784.0
TUN,788,Ct,64767.0546875,683174.1,1459491237.6414
TUN,788,Dk,22.476213455200195,48.23877,
TUN,788,Gt,206879.875,1206482.6,83567465.049
TUN,788,Ho,7637.2314453125,56624.93,2713100.254
TUN,788,Pg,753.0015869140625,5494.2935,419785.0992
TUN,788,Sh,614146.0625,6504065.0,611573202.9043332
TUR,792,Bf,31863.348,121603.17,120375518.067
TUR,792,Ch,86860170.0,311660130.0,9664674524.83583
TUR,792,Ct,3566225.0,14209482.0,18041674891.652782
TUR,792,Dk,87009.125,397515.72,1098726.464
TUR,792,Gt,3771081.0,10325004.0,1024795607.5217142
TUR,792,Ho,43804.152,131180.14,3662594.63
TUR,792,Pg,2137.139,2931.1938,0.0
TUR,792,Sh,8618824.0,31057800.0,4031304698.101029
TKM,795,Bf,0.05751437,0.82810813,
TKM,795,Ch,1525509.0,16011274.0,273466366.3557877
TKM,795,Ct,189701.1,2223671.0,2127098574.2431
TKM,795,Dk,51.03499,99.13373,
TKM,795,Gt,303201.3,2330736.8,95768645.65714283
TKM,795,Ho,2944.896,26195.514,
TKM,795,Pg,985.75336,9067.292,741137.049
TKM,795,Sh,1634222.5,13986889.0,871749692.3676
UGA,800,Bf,0.0,0.0,
UGA,800,Ch,8819673.0,33375904.0,342294042.428
UGA,800,Ct,4526661.5,14231402.0,2380777799.422
UGA,800,Dk,133189.59375,662445.75,
UGA,800,Gt,4262340.0,14213782.0,223247998.71
UGA,800,Ho,274.2770690917969,1117.8501,
UGA,800,Pg,1096593.5,2492014.5,442077052.33800006
UGA,800,Sh,505008.4375,1910446.2,40768200.0
UKR,804,Bf,14.105858,14.246613,
UKR,804,Ch,21467628.0,193749540.0,6080657431.5
UKR,804,Ct,581618.44,3877463.5,7981028828.0
UKR,804,Dk,1224723.1,11295577.0,35122240.0
UKR,804,Gt,86170.805,584962.2,394412790.0
UKR,804,Ho,49598.02,316235.4,32852780.0
UKR,804,Pg,864061.25,7333935.5,2269127268.0
UKR,804,Sh,110112.69,789084.44,92796475.61666666
ARE,784,Bf,0.0,0.0,
ARE,784,Ch,14504339.0,23109636.0,303237285.1223108
ARE,784,Ct,74776.1796875,109458.8,157931418.65652502
ARE,784,Dk,0.0,0.0,
ARE,784,Gt,1402475.625,2183797.2,491766220.12766665
ARE,784,Ho,264.125732421875,410.0788,
ARE,784,Pg,0.0,0.0,
ARE,784,Sh,1404746.0,2068785.6,70428377.3859
GBR,826,Bf,972.83276,3617.235,
GBR,826,Ch,41737504.0,156463300.0,6705365732.094595
GBR,826,Ct,2991889.0,9856795.0,16631824947.2
GBR,826,Dk,744159.56,2238233.0,112911840.0
GBR,826,Gt,34153.08,99882.375,
GBR,826,Ho,104954.984,401455.16,5674202.940333333
GBR,826,Pg,1400678.4,4730237.5,2405018933.333333
GBR,826,Sh,11265565.0,33153116.0,1876811951.295
USA,840,Bf,0.029227307,0.029227307,0.0
USA,840,Ch,416087230.0,1997304800.0,71543294148.60675
USA,840,Ct,17204442.0,89102680.0,151592511554.4225
USA,840,Dk,1078938.5,7561237.5,396894686.4
USA,840,Gt,563465.94,2645228.2,95481558.25972223
USA,840,Ho,2258399.8,10252884.0,36314538.34066666
USA,840,Pg,5086489.5,68909440.0,28251441506.13333
USA,840,Sh,1119703.0,5271899.5,394354267.5
URY,858,Bf,20.545053,62.20244,
URY,858,Ch,23175102.0,36998360.0,362672324.67770267
URY,858,Ct,3708907.5,11916084.0,5400504845.360001
URY,858,Dk,72779.086,200950.08,
URY,858,Gt,8991.062,17471.988,
URY,858,Ho,140183.14,411292.72,22992786.770666663
URY,858,Pg,100930.53,215930.4,26978640.0
URY,858,Sh,1808283.8,6651491.0,170699526.9375
UZB,860,Bf,8.212847,25.092794,
UZB,860,Ch,10959958.0,54973876.0,1545633811.746
UZB,860,Ct,2163977.5,10919883.0,16437323758.47
UZB,860,Dk,143.2533,518.882,
UZB,860,Gt,749400.9,3228643.5,
UZB,860,Ho,45552.36,211219.81,27112369.62
UZB,860,Pg,16774.65,86043.73,14012636.0904
UZB,860,Sh,3828695.0,15120392.0,1477965371.775
VEN,862,Bf,108791.664,216614.86,116988090.43400002
VEN,862,Ch,82533470.0,123844680.0,1608334238.333446
VEN,862,Ct,7555172.0,16773278.0,3348686691.93912
VEN,862,Dk,60516.06,124777.586,0.0
VEN,862,Gt,664855.56,1448016.2,37289502.17142857
VEN,862,Ho,183455.5,522213.6,
VEN,862,Pg,2234992.0,3790950.0,420840735.0
VEN,862,Sh,295159.53,612128.2,24137245.63
VNM,704,Bf,941352.25,2501291.0,280772955.05333334
VNM,704,Ch,68883900.0,255851740.0,5013406078.678
VNM,704,Ct,1789608.0,5303618.0,2756378022.78
VNM,704,Dk,22698768.0,68504744.0,390303644.592
VNM,704,Gt,708635.0,1965369.2,110670889.576
VNM,704,Ho,32341.314,65380.938,6608753.486
VNM,704,Pg,8369996.5,27313470.0,10687568760.0
VNM,704,Sh,104.72536,225.56651,
YEM,887,Bf,0.0,0.0,
YEM,887,Ch,26220038.0,64193320.0,816398206.95
YEM,887,Ct,852178.625,1750465.5,659946275.8623333
YEM,887,Dk,0.0,0.0,
YEM,887,Gt,2805677.5,9275244.0,656096575.41
YEM,887,Ho,828.8593139648438,1984.792,
YEM,887,Pg,0.0,0.0,
YEM,887,Sh,3248406.5,9575514.0,475209292.962
SRB,688,Bf,0.13537864,0.5395901,
SRB,688,Ch,1032560.3,16775362.0,511958505.7735385
SRB,688,Ct,126467.54,911047.44,1110544021.663
SRB,688,Dk,20373.56,172462.75,0.0
SRB,688,Gt,27908.318,203120.34,37105806.25714286
SRB,688,Ho,3394.4893,15557.444,138275.87999999998
SRB,688,Pg,224559.88,3266988.0,1126617572.55
SRB,688,Sh,246218.94,1791064.5,191984960.5785714
ZMB,894,Bf,0.0,0.0,
ZMB,894,Ch,11798592.0,38328400.0,349917165.966
ZMB,894,Ct,1329474.875,3950681.0,1507563584.125
ZMB,894,Dk,78.79710388183594,1276.01,
ZMB,894,Gt,894872.875,2715840.0,115127498.97
ZMB,894,Ho,37286.640625,87322.375,
ZMB,894,Pg,373564.40625,1017896.06,83547777.60360001
ZMB,894,Sh,86695.3203125,241842.05,6858757.62
ZWE,716,Bf,0.34658384,0.46053442,
ZWE,716,Ch,2495778.5,9500440.0,475146816.643
ZWE,716,Ct,1202558.2,5470607.0,5327101275.4826
ZWE,716,Dk,21517.54,82675.484,88683.65599999999
ZWE,716,Gt,1124941.2,4045959.5,144603421.903
ZWE,716,Ho,7832.4854,27984.705,
ZWE,716,Pg,88911.34,344395.75,37232119.9782
ZWE,716,Sh,105464.7,455002.53,37015769.241
