,Area Code (M49),Area,Volume,Species
0,40,Austria,0.0,Bf
1,50,Bangladesh,524713272.18333334,Bf
2,56,Belgium,0.0,Bf
3,64,Bhutan,6875642.286666665,Bf
4,96,Brunei Darussalam,8240107.832000001,Bf
5,100,Bulgaria,11148797.333333334,Bf
6,104,Myanmar,252174009.46666664,Bf
7,116,Cambodia,27236148.28333333,Bf
8,144,Sri Lanka,163590448.9933333,Bf
9,156,"China, mainland",6391768520.265667,Bf
10,158,"China, Taiwan Province of",4895349.108,Bf
11,170,Colombia,54619533.2,Bf
12,196,Cyprus,0.0,Bf
13,203,Czechia,0.0,Bf
14,208,Denmark,0.0,Bf
15,233,Estonia,0.0,Bf
16,246,Finland,0.0,Bf
17,250,France,0.0,Bf
18,276,Germany,0.0,Bf
19,300,Greece,0.0,Bf
20,356,India,167350128357.31332,Bf
21,360,Indonesia,215517213.4333333,Bf
22,364,Iran (Islamic Republic of),219891322.0,Bf
23,368,Iraq,65029108.40133334,Bf
24,372,Ireland,0.0,Bf
25,380,Italy,185655201.66666666,Bf
26,418,Lao People's Democratic Republic,79420371.345,Bf
27,428,Latvia,0.0,Bf
28,440,Lithuania,0.0,Bf
29,442,Luxembourg,0.0,Bf
30,446,"China, Macao SAR",0.0,Bf
31,458,Malaysia,30636321.538000003,Bf
32,470,Malta,0.0,Bf
33,496,Mongolia,176391360.10666665,Bf
34,524,Nepal,2947254489.666666,Bf
35,586,Pakistan,61652463733.33333,Bf
36,608,Philippines,238277429.4583333,Bf
37,616,Poland,0.0,Bf
38,620,Portugal,0.0,Bf
39,626,Timor-Leste,2437729.103333333,Bf
40,642,Romania,10287830.0,Bf
41,702,Singapore,0.0,Bf
42,703,Slovakia,0.0,Bf
43,704,Viet Nam,280772955.05333334,Bf
44,705,Slovenia,0.0,Bf
45,752,Sweden,0.0,Bf
46,760,Syrian Arab Republic,8917934.666666666,Bf
47,764,Thailand,112136874.50600003,Bf
48,780,Trinidad and Tobago,34951.8,Bf
49,792,Türkiye,120375518.067,Bf
50,818,Egypt,2670552368.785,Bf
51,840,United States of America,0.0,Bf
52,862,Venezuela (Bolivarian Republic of),116988090.43400002,Bf
53,4,Afghanistan,149581501.916,Ch
54,8,Albania,155531696.93653846,Ch
55,12,Algeria,1722335151.204,Ch
56,24,Angola,531524011.916,Ch
57,28,Antigua and Barbuda,3334314.570510135,Ch
58,31,Azerbaijan,641248576.1104615,Ch
59,32,Argentina,8498404513.192043,Ch
60,36,Australia,4352351388.156905,Ch
61,44,Bahamas,19042142.91156419,Ch
62,48,Bahrain,34960784.019459456,Ch
63,50,Bangladesh,1923600823.4320002,Ch
64,51,Armenia,125682544.52307692,Ch
65,52,Barbados,51324371.30472973,Ch
66,56,Belgium,1213151516.25,Ch
67,64,Bhutan,12733711.38,Ch
68,68,Bolivia (Plurinational State of),2195587067.2850003,Ch
69,70,Bosnia and Herzegovina,248206602.4546154,Ch
70,72,Botswana,11847138.119307693,Ch
71,76,Brazil,48942367790.99359,Ch
72,84,Belize,65447610.14192308,Ch
73,90,Solomon Islands,2354370.895,Ch
74,96,Brunei Darussalam,113826761.21914864,Ch
75,100,Bulgaria,258849072.46153846,Ch
76,104,Myanmar,2606764288.0,Ch
77,108,Burundi,31360402.469600003,Ch
78,112,Belarus,1883477982.3116307,Ch
79,116,Cambodia,101587333.93900001,Ch
80,120,Cameroon,660358224.709,Ch
81,124,Canada,5458909625.076351,Ch
82,132,Cabo Verde,7554310.117000001,Ch
83,140,Central African Republic,26295520.223600004,Ch
84,144,Sri Lanka,1094156994.284,Ch
85,148,Chad,31423139.398000002,Ch
86,152,Chile,2500536869.979757,Ch
87,156,"China, mainland",105835085485.81213,Ch
88,158,"China, Taiwan Province of",3018009723.9594593,Ch
89,170,Colombia,7009296730.702939,Ch
90,174,Comoros,4325263.529999999,Ch
91,178,Congo,29696124.267000005,Ch
92,180,Democratic Republic of the Congo,56083162.1196,Ch
93,184,Cook Islands,0.0,Ch
94,188,Costa Rica,616342123.7769232,Ch
95,191,Croatia,161819405.0,Ch
96,192,Cuba,284795391.98649234,Ch
97,196,Cyprus,74405089.375,Ch
98,203,Czechia,441929453.75,Ch
99,204,Benin,74840222.581,Ch
100,208,Denmark,655723732.9898648,Ch
101,212,Dominica,2820138.201535385,Ch
102,214,Dominican Republic,1576484633.72172,Ch
103,218,Ecuador,1847965188.6067846,Ch
104,222,El Salvador,752446062.88,Ch
105,226,Equatorial Guinea,1301884.260443077,Ch
106,231,Ethiopia,300492980.8664,Ch
107,232,Eritrea,9894958.405199999,Ch
108,233,Estonia,91951192.39864865,Ch
109,242,Fiji,149447545.47997847,Ch
110,246,Finland,587076082.5810812,Ch
111,250,France,3058622786.875,Ch
112,258,French Polynesia,12488310.141094595,Ch
113,266,Gabon,17526369.897184618,Ch
114,268,Georgia,164005452.45323077,Ch
115,270,Gambia,5871422.0428,Ch
116,275,Palestine,184986448.09600002,Ch
117,276,Germany,5633483338.378378,Ch
118,288,Ghana,379648718.876,Ch
119,296,Kiribati,4409847.227,Ch
120,300,Greece,672006128.125,Ch
121,308,Grenada,7517216.63855077,Ch
122,320,Guatemala,1655590209.5325325,Ch
123,324,Guinea,135229832.4788,Ch
124,328,Guyana,166642499.4773077,Ch
125,332,Haiti,43568684.85,Ch
126,340,Honduras,1095731763.3760002,Ch
127,344,"China, Hong Kong SAR",56773751.726962835,Ch
128,348,Hungary,957413182.5,Ch
129,352,Iceland,35900319.16722973,Ch
130,356,India,32911065201.399002,Ch
131,360,Indonesia,28247386987.100002,Ch
132,364,Iran (Islamic Republic of),9708044123.426,Ch
133,368,Iraq,625726543.4959939,Ch
134,372,Ireland,397220530.625,Ch
135,376,Israel,1984085908.671865,Ch
136,380,Italy,2727957896.875,Ch
137,384,Côte d'Ivoire,403248033.08000004,Ch
138,388,Jamaica,427588274.84710157,Ch
139,392,Japan,13570186188.417229,Ch
140,398,Kazakhstan,1368172975.9367447,Ch
141,400,Jordan,838620140.1133846,Ch
142,404,Kenya,579135620.3280001,Ch
143,408,Democratic People's Republic of Korea,408269927.22319996,Ch
144,410,Republic of Korea,4600198681.376108,Ch
145,414,Kuwait,390807472.47230065,Ch
146,417,Kyrgyzstan,123934566.13100001,Ch
147,418,Lao People's Democratic Republic,182062529.562,Ch
148,422,Lebanon,576109526.889,Ch
149,426,Lesotho,6624670.024,Ch
150,428,Latvia,100341205.0,Ch
151,430,Liberia,62270062.023200005,Ch
152,434,Libya,538657235.6801169,Ch
153,440,Lithuania,231201945.0,Ch
154,442,Luxembourg,0.0,Ch
155,446,"China, Macao SAR",9826070.32554054,Ch
156,450,Madagascar,211096972.6716,Ch
157,454,Malawi,509603775.7592,Ch
158,458,Malaysia,6197511396.846203,Ch
159,466,Mali,234715262.55640003,Ch
160,470,Malta,11664390.625,Ch
161,478,Mauritania,27399692.369000003,Ch
162,480,Mauritius,195442945.47692308,Ch
163,484,Mexico,17709191774.96111,Ch
164,496,Mongolia,26657599.32,Ch
165,498,Republic of Moldova,228612926.80038464,Ch
166,499,Montenegro,25024525.514307693,Ch
167,504,Morocco,2846040459.2,Ch
168,508,Mozambique,475302097.96040004,Ch
169,512,Oman,103928844.3399831,Ch
170,516,Namibia,39472331.28525231,Ch
171,520,Nauru,35261.38181756757,Ch
172,524,Nepal,923128104.1000001,Ch
173,528,Netherlands (Kingdom of the),2371219663.125,Ch
174,540,New Caledonia,9529573.203547297,Ch
175,548,Vanuatu,3396316.558,Ch
176,554,New Zealand,761334719.891527,Ch
177,558,Nicaragua,670583825.8580002,Ch
178,562,Niger,91466540.82640001,Ch
179,566,Nigeria,2787271873.8770003,Ch
180,570,Niue,0.0,Ch
181,578,Norway,491162562.00472975,Ch
182,583,Micronesia (Federated States of),1052105.3480000002,Ch
183,586,Pakistan,9829433131.2,Ch
184,591,Panama,727721300.3552736,Ch
185,598,Papua New Guinea,37094352.829,Ch
186,600,Paraguay,488180220.4311508,Ch
187,604,Peru,6285873522.111609,Ch
188,608,Philippines,7015126560.8220005,Ch
189,616,Poland,6124793120.625,Ch
190,620,Portugal,1269380657.1655405,Ch
191,624,Guinea-Bissau,13147721.74,Ch
192,626,Timor-Leste,6513329.888,Ch
193,630,Puerto Rico,112098281.0217635,Ch
194,634,Qatar,104318097.1347973,Ch
195,642,Romania,1304902240.625,Ch
196,643,Russian Federation,20865848280.86003,Ch
197,646,Rwanda,49268907.3936,Ch
198,659,Saint Kitts and Nevis,925548.1756756756,Ch
199,662,Saint Lucia,6393131.5495384615,Ch
200,670,Saint Vincent and the Grenadines,2658383.402409231,Ch
201,678,Sao Tome and Principe,3025773.688,Ch
202,682,Saudi Arabia,4121062719.5945945,Ch
203,686,Senegal,691322242.0,Ch
204,688,Serbia,511958505.7735385,Ch
205,690,Seychelles,9122554.644192569,Ch
206,694,Sierra Leone,93114470.0556,Ch
207,702,Singapore,224419139.04829055,Ch
208,704,Viet Nam,5013406078.678,Ch
209,705,Slovenia,187837857.5,Ch
210,706,Somalia,19957223.149600003,Ch
211,710,South Africa,6825875860.615385,Ch
212,716,Zimbabwe,475146816.643,Ch
213,724,Spain,3705131929.375,Ch
214,728,South Sudan,153041989.872,Ch
215,729,Sudan,467651076.23960006,Ch
216,740,Suriname,45384321.2955323,Ch
217,748,Eswatini,23715858.299,Ch
218,752,Sweden,458808513.125,Ch
219,756,Switzerland,492433410.66858107,Ch
220,760,Syrian Arab Republic,544223219.48,Ch
221,762,Tajikistan,177969426.736,Ch
222,764,Thailand,6867386486.633383,Ch
223,768,Togo,176274059.028,Ch
224,772,Tokelau,0.0,Ch
225,776,Tonga,1101394.4255076924,Ch
226,780,Trinidad and Tobago,153829966.64724323,Ch
227,784,United Arab Emirates,303237285.1223108,Ch
228,788,Tunisia,793780784.0,Ch
229,792,Türkiye,9664674524.83583,Ch
230,795,Turkmenistan,273466366.3557877,Ch
231,798,Tuvalu,225628.2093046154,Ch
232,800,Uganda,342294042.428,Ch
233,804,Ukraine,6080657431.5,Ch
234,807,North Macedonia,21729453.432876926,Ch
235,818,Egypt,10957096050.202,Ch
236,826,United Kingdom of Great Britain and Northern Ireland,6705365732.094595,Ch
237,834,United Republic of Tanzania,832523673.042,Ch
238,840,United States of America,71543294148.60675,Ch
239,854,Burkina Faso,649420442.2948,Ch
240,858,Uruguay,362672324.67770267,Ch
241,860,Uzbekistan,1545633811.746,Ch
242,862,Venezuela (Bolivarian Republic of),1608334238.333446,Ch
243,882,Samoa,2358536.7430000002,Ch
244,887,Yemen,816398206.95,Ch
245,894,Zambia,349917165.96599996,Ch
246,4,Afghanistan,1910657234.0089998,Ct
247,8,Albania,574034378.01158,Ct
248,12,Algeria,2984129624.6256,Ct
249,24,Angola,922494112.6824,Ct
250,28,Antigua and Barbuda,1772895.7959500002,Ct
251,31,Azerbaijan,1876116751.594,Ct
252,32,Argentina,22275912042.211,Ct
253,36,Australia,17497287127.0,Ct
254,40,Austria,4068438411.25,Ct
255,44,Bahamas,588803.80995,Ct
256,48,Bahrain,12371472.073375,Ct
257,50,Bangladesh,10891783784.784,Ct
258,51,Armenia,643544161.0,Ct
259,52,Barbados,4080335.1575,Ct
260,56,Belgium,4684050495.0,Ct
261,64,Bhutan,46654100.7792,Ct
262,68,Bolivia (Plurinational State of),2512628760.3294,Ct
263,70,Bosnia and Herzegovina,350976437.52589,Ct
264,72,Botswana,282411984.49583995,Ct
265,76,Brazil,71777135742.54431,Ct
266,84,Belize,12790398.189,Ct
267,90,Solomon Islands,7746354.634,Ct
268,96,Brunei Darussalam,10101712.599325001,Ct
269,100,Bulgaria,487874176.59000003,Ct
270,104,Myanmar,1402457000.0,Ct
271,108,Burundi,140078589.17299998,Ct
272,112,Belarus,5679778403.0,Ct
273,116,Cambodia,399444570.9098,Ct
274,120,Cameroon,996024366.5508001,Ct
275,124,Canada,15337230981.2425,Ct
276,132,Cabo Verde,8525255.176,Ct
277,140,Central African Republic,711523556.3343333,Ct
278,144,Sri Lanka,471453758.06180006,Ct
279,148,Chad,3504012602.0893335,Ct
280,152,Chile,2781921132.4025,Ct
281,156,"China, mainland",55150475107.99999,Ct
282,158,"China, Taiwan Province of",373722243.52500004,Ct
283,170,Colombia,7370779188.275,Ct
284,174,Comoros,19038523.8924,Ct
285,178,Congo,38636079.0074,Ct
286,180,Democratic Republic of the Congo,145806193.002,Ct
287,184,Cook Islands,0.0,Ct
288,188,Costa Rica,1060460147.22561,Ct
289,191,Croatia,621112417.5,Ct
290,192,Cuba,541203723.4754999,Ct
291,196,Cyprus,235707021.875,Ct
292,203,Czechia,2786329791.8,Ct
293,204,Benin,354598462.605,Ct
294,208,Denmark,4726289422.5,Ct
295,212,Dominica,6348411.37058,Ct
296,214,Dominican Republic,744624612.8494501,Ct
297,218,Ecuador,2066793910.0914297,Ct
298,222,El Salvador,422222881.62119997,Ct
299,226,Equatorial Guinea,254703.03224999996,Ct
300,231,Ethiopia,5620549822.292667,Ct
301,232,Eritrea,243045851.797,Ct
302,233,Estonia,651226236.75,Ct
303,234,Faroe Islands,5702011.3725000005,Ct
304,242,Fiji,25702381.321039997,Ct
305,246,Finland,2110712864.275,Ct
306,250,France,25249448020.800003,Ct
307,258,French Polynesia,1481965.5071,Ct
308,262,Djibouti,49955748.4044,Ct
309,266,Gabon,9937265.29716,Ct
310,268,Georgia,414203969.21568,Ct
311,270,Gambia,50102633.26566666,Ct
312,275,Palestine,179469704.79500002,Ct
313,276,Germany,28934865874.625,Ct
314,288,Ghana,246811854.2254,Ct
315,300,Greece,705333225.625,Ct
316,308,Grenada,1004366.93087,Ct
317,320,Guatemala,1490266961.4247,Ct
318,324,Guinea,613888492.1386666,Ct
319,328,Guyana,37829643.37,Ct
320,332,Haiti,382463107.281,Ct
321,340,Honduras,1012466448.7054,Ct
322,344,"China, Hong Kong SAR",18915973.005,Ct
323,348,Hungary,1602370634.45,Ct
324,352,Iceland,137756765.4625,Ct
325,356,India,87518494454.0,Ct
326,360,Indonesia,4213273093.3,Ct
327,364,Iran (Islamic Republic of),8071782401.4,Ct
328,368,Iraq,291795204.425,Ct
329,372,Ireland,10235228096.900002,Ct
330,376,Israel,2142450093.7775,Ct
331,380,Italy,13877552454.475,Ct
332,384,Côte d'Ivoire,180509914.8326,Ct
333,388,Jamaica,39710483.142,Ct
334,392,Japan,8385134245.3525,Ct
335,398,Kazakhstan,5905149813.6102495,Ct
336,400,Jordan,328645304.01036,Ct
337,404,Kenya,5243698014.1134,Ct
338,408,Democratic People's Republic of Korea,189107462.51433334,Ct
339,410,Republic of Korea,3420026764.5950003,Ct
340,414,Kuwait,61748362.27815,Ct
341,417,Kyrgyzstan,2223834242.2400002,Ct
342,418,Lao People's Democratic Republic,299768661.019,Ct
343,422,Lebanon,600819030.1644001,Ct
344,426,Lesotho,150676926.4274,Ct
345,428,Latvia,783842214.4250001,Ct
346,430,Liberia,13348064.941333335,Ct
347,434,Libya,108900170.55449998,Ct
348,440,Lithuania,1342908035.9250002,Ct
349,442,Luxembourg,376600146.325,Ct
350,446,"China, Macao SAR",4677515.5875,Ct
351,450,Madagascar,563327113.3946667,Ct
352,454,Malawi,460014359.66866666,Ct
353,458,Malaysia,178558473.27899998,Ct
354,466,Mali,584499654.6183333,Ct
355,470,Malta,33839938.725,Ct
356,478,Mauritania,340169339.29760003,Ct
357,480,Mauritius,11949586.523,Ct
358,484,Mexico,18043246244.62425,Ct
359,496,Mongolia,1453817588.8236,Ct
360,498,Republic of Moldova,131077727.05,Ct
361,499,Montenegro,95986553.014,Ct
362,504,Morocco,3429235474.7,Ct
363,508,Mozambique,127788671.83333333,Ct
364,512,Oman,251900211.18299997,Ct
365,516,Namibia,199136379.36917,Ct
366,524,Nepal,889801334.96,Ct
367,528,Netherlands (Kingdom of the),12827342181.45,Ct
368,540,New Caledonia,19421321.455,Ct
369,548,Vanuatu,14933536.3516,Ct
370,554,New Zealand,19301387897.1975,Ct
371,558,Nicaragua,2201264720.59,Ct
372,562,Niger,916851710.6923332,Ct
373,566,Nigeria,2685687022.2555995,Ct
374,570,Niue,0.0,Ct
375,578,Norway,1619730622.5149999,Ct
376,583,Micronesia (Federated States of),1743623.391,Ct
377,586,Pakistan,27321442538.0,Ct
378,591,Panama,589464181.2419,Ct
379,598,Papua New Guinea,20892394.3526,Ct
380,600,Paraguay,2973321736.479,Ct
381,604,Peru,2115751224.2188797,Ct
382,608,Philippines,838819501.5,Ct
383,616,Poland,14035190913.325,Ct
384,620,Portugal,1996379214.4750001,Ct
385,624,Guinea-Bissau,60919422.762666665,Ct
386,626,Timor-Leste,8753254.848000001,Ct
387,630,Puerto Rico,197077480.058825,Ct
388,634,Qatar,10970092.05,Ct
389,642,Romania,3058856636.5,Ct
390,643,Russian Federation,24606341935.826,Ct
391,646,Rwanda,363158921.0786667,Ct
392,659,Saint Kitts and Nevis,822384.5175000001,Ct
393,662,Saint Lucia,2698920.41873,Ct
394,670,Saint Vincent and the Grenadines,1183999.8564199999,Ct
395,678,Sao Tome and Principe,1847065.1786000002,Ct
396,682,Saudi Arabia,1973995767.497725,Ct
397,686,Senegal,799008927.8954,Ct
398,688,Serbia,1110544021.663,Ct
399,690,Seychelles,223765.913075,Ct
400,694,Sierra Leone,186780999.416,Ct
401,702,Singapore,212650.67250000002,Ct
402,703,Slovakia,711215240.1,Ct
403,704,Viet Nam,2756378022.78,Ct
404,705,Slovenia,662240134.875,Ct
405,706,Somalia,651167178.8576667,Ct
406,710,South Africa,7139173893.749999,Ct
407,716,Zimbabwe,5327101275.4826,Ct
408,724,Spain,9747743016.225,Ct
409,728,South Sudan,2870733253.329,Ct
410,729,Sudan,4640248211.091,Ct
411,740,Suriname,10698115.37186,Ct
412,748,Eswatini,148216071.106,Ct
413,752,Sweden,2787960888.2,Ct
414,756,Switzerland,3488680679.75,Ct
415,760,Syrian Arab Republic,1179764745.5333333,Ct
416,762,Tajikistan,2681426442.8826,Ct
417,764,Thailand,1327296829.573,Ct
418,768,Togo,57828881.73966666,Ct
419,776,Tonga,2008193.11232,Ct
420,780,Trinidad and Tobago,8682762.7825,Ct
421,784,United Arab Emirates,157931418.65652502,Ct
422,788,Tunisia,1459491237.6414,Ct
423,792,Türkiye,18041674891.652786,Ct
424,795,Turkmenistan,2127098574.2431002,Ct
425,800,Uganda,2380777799.422,Ct
426,804,Ukraine,7981028828.0,Ct
427,807,North Macedonia,187540062.1646,Ct
428,818,Egypt,6353026247.003401,Ct
429,826,United Kingdom of Great Britain and Northern Ireland,16631824947.2,Ct
430,834,United Republic of Tanzania,6403941367.06,Ct
431,840,United States of America,151592511554.4225,Ct
432,854,Burkina Faso,973711036.1333333,Ct
433,858,Uruguay,5400504845.360001,Ct
434,860,Uzbekistan,16437323758.470001,Ct
435,862,Venezuela (Bolivarian Republic of),3348686691.93912,Ct
436,882,Samoa,11196151.1744,Ct
437,887,Yemen,659946275.8623333,Ct
438,894,Zambia,1507563584.125,Ct
439,32,Argentina,21304486.888,Dk
440,36,Australia,102322049.04,Dk
441,50,Bangladesh,133204778.752,Dk
442,56,Belgium,765504.0,Dk
443,68,Bolivia (Plurinational State of),4398054.008,Dk
444,70,Bosnia and Herzegovina,0.0,Dk
445,76,Brazil,10318228.799999999,Dk
446,84,Belize,32231.08,Dk
447,96,Brunei Darussalam,960324.7679999999,Dk
448,100,Bulgaria,48057504.0,Dk
449,104,Myanmar,117788000.0,Dk
450,112,Belarus,7666928.0,Dk
451,116,Cambodia,21448081.167999998,Dk
452,120,Cameroon,0.0,Dk
453,124,Canada,60183860.68799999,Dk
454,144,Sri Lanka,38420.304000000004,Dk
455,156,"China, mainland",10279680000.0,Dk
456,158,"China, Taiwan Province of",500261775.984,Dk
457,196,Cyprus,0.0,Dk
458,208,Denmark,893088.0,Dk
459,218,Ecuador,843340.664,Dk
460,233,Estonia,0.0,Dk
461,242,Fiji,885808.592,Dk
462,246,Finland,0.0,Dk
463,250,France,751724928.0,Dk
464,258,French Polynesia,203368.89599999998,Dk
465,268,Georgia,214160.0,Dk
466,276,Germany,140342400.0,Dk
467,300,Greece,191376.0,Dk
468,332,Haiti,466054.99199999997,Dk
469,344,"China, Hong Kong SAR",3294091.296,Dk
470,348,Hungary,347666400.0,Dk
471,356,India,93904791.13599999,Dk
472,360,Indonesia,89887235.2,Dk
473,364,Iran (Islamic Republic of),6195498.887999999,Dk
474,376,Israel,16323990.048,Dk
475,380,Italy,14672160.0,Dk
476,398,Kazakhstan,618922.4,Dk
477,400,Jordan,261853.43199999997,Dk
478,408,Democratic People's Republic of Korea,29721510.288,Dk
479,410,Republic of Korea,270489626.352,Dk
480,418,Lao People's Democratic Republic,9851381.416,Dk
481,428,Latvia,0.0,Dk
482,430,Liberia,740308.288,Dk
483,440,Lithuania,0.0,Dk
484,442,Luxembourg,0.0,Dk
485,446,"China, Macao SAR",104555.088,Dk
486,450,Madagascar,27135828.112,Dk
487,458,Malaysia,150056065.432,Dk
488,470,Malta,0.0,Dk
489,480,Mauritius,89925.784,Dk
490,508,Mozambique,7811100.512,Dk
491,524,Nepal,1276393.5999999999,Dk
492,554,New Zealand,4163640.0480000004,Dk
493,562,Niger,0.0,Dk
494,578,Norway,5326632.0,Dk
495,583,Micronesia (Federated States of),0.0,Dk
496,586,Pakistan,11033566.032,Dk
497,598,Papua New Guinea,34693.92,Dk
498,600,Paraguay,3945127.024,Dk
499,608,Philippines,42163585.224,Dk
500,616,Poland,417710016.0,Dk
501,620,Portugal,61304112.0,Dk
502,634,Qatar,184996.8,Dk
503,642,Romania,0.0,Dk
504,678,Sao Tome and Principe,77975.65599999999,Dk
505,688,Serbia,0.0,Dk
506,690,Seychelles,40890.672,Dk
507,694,Sierra Leone,3800569.024,Dk
508,702,Singapore,27664612.847999997,Dk
509,704,Viet Nam,390303644.59199995,Dk
510,705,Slovenia,0.0,Dk
511,710,South Africa,2604763.832,Dk
512,716,Zimbabwe,88683.65599999999,Dk
513,724,Spain,20222064.0,Dk
514,728,South Sudan,0.0,Dk
515,740,Suriname,1740799.56,Dk
516,760,Syrian Arab Republic,51912.38399999999,Dk
517,764,Thailand,159972080.336,Dk
518,792,Türkiye,1098726.464,Dk
519,804,Ukraine,35122240.0,Dk
520,807,North Macedonia,0.0,Dk
521,818,Egypt,138813671.984,Dk
522,826,United Kingdom of Great Britain and Northern Ireland,112911840.0,Dk
523,834,United Republic of Tanzania,2834364.7679999997,Dk
524,840,United States of America,396894686.4,Dk
525,862,Venezuela (Bolivarian Republic of),0.0,Dk
526,4,Afghanistan,363679062.532,Gt
527,8,Albania,91093184.20085713,Gt
528,12,Algeria,853252511.7475,Gt
529,24,Angola,102192989.86000001,Gt
530,28,Antigua and Barbuda,17786.66077777778,Gt
531,31,Azerbaijan,2685463.0,Gt
532,32,Argentina,38234347.85657142,Gt
533,36,Australia,192494952.74444446,Gt
534,40,Austria,39732167.38888889,Gt
535,44,Bahamas,2367748.303333333,Gt
536,48,Bahrain,2049275.3730000001,Gt
537,50,Bangladesh,3256911439.9750004,Gt
538,51,Armenia,2140737.251714286,Gt
539,52,Barbados,201875.21833333335,Gt
540,56,Belgium,65078895.55555555,Gt
541,64,Bhutan,884655.277,Gt
542,68,Bolivia (Plurinational State of),107712257.17050001,Gt
543,72,Botswana,31224563.879142854,Gt
544,76,Brazil,411254225.9477143,Gt
545,84,Belize,5922.000857142857,Gt
546,96,Brunei Darussalam,74731.02722222223,Gt
547,100,Bulgaria,22471893.714285716,Gt
548,104,Myanmar,73121277.072,Gt
549,108,Burundi,78431849.05999999,Gt
550,112,Belarus,8754338.978,Gt
551,120,Cameroon,275297278.88750005,Gt
552,132,Cabo Verde,16074474.565000001,Gt
553,140,Central African Republic,166495430.97,Gt
554,144,Sri Lanka,51692690.07,Gt
555,148,Chad,1072279671.4580001,Gt
556,152,Chile,47942916.17516667,Gt
557,156,"China, mainland",15957336135.08257,Gt
558,158,"China, Taiwan Province of",25236025.332000002,Gt
559,170,Colombia,2725393.9428571425,Gt
560,174,Comoros,1913603.743,Gt
561,178,Congo,5365231.2870000005,Gt
562,180,Democratic Republic of the Congo,127377710.46000001,Gt
563,184,Cook Islands,0.0,Gt
564,188,Costa Rica,10893305.697999999,Gt
565,191,Croatia,12873144.444444444,Gt
566,192,Cuba,41061185.0,Gt
567,196,Cyprus,66030858.94444445,Gt
568,203,Czechia,2301259.9444444445,Gt
569,204,Benin,138677906.511,Gt
570,208,Denmark,0.0,Gt
571,212,Dominica,259485.5214285714,Gt
572,214,Dominican Republic,5692507.404571428,Gt
573,218,Ecuador,2193048.7888571424,Gt
574,222,El Salvador,407820.53099999996,Gt
575,226,Equatorial Guinea,316986.23942857137,Gt
576,231,Ethiopia,982064510.432,Gt
577,232,Eritrea,46843913.75,Gt
578,233,Estonia,745604.8888888889,Gt
579,242,Fiji,1343593.7428571426,Gt
580,246,Finland,0.0,Gt
581,250,France,1015447219.8333334,Gt
582,258,French Polynesia,480307.47088888887,Gt
583,262,Djibouti,11683062.473,Gt
584,266,Gabon,2284682.4597142856,Gt
585,268,Georgia,1654224.0000000002,Gt
586,270,Gambia,7461424.08,Gt
587,275,Palestine,76288582.367,Gt
588,276,Germany,3043345.0,Gt
589,288,Ghana,172177172.912,Gt
590,300,Greece,707938434.4444444,Gt
591,308,Grenada,175749.70285714284,Gt
592,320,Guatemala,2603608.285142857,Gt
593,324,Guinea,132365083.466,Gt
594,328,Guyana,1741513.994,Gt
595,332,Haiti,148826091.79299998,Gt
596,340,Honduras,782483.679,Gt
597,344,"China, Hong Kong SAR",566535.5792222222,Gt
598,348,Hungary,4825505.888888889,Gt
599,356,India,17348391352.606,Gt
600,360,Indonesia,1186305775.7925,Gt
601,364,Iran (Islamic Republic of),938902426.3965001,Gt
602,368,Iraq,70424678.214,Gt
603,372,Ireland,0.0,Gt
604,376,Israel,67724939.45,Gt
605,380,Italy,96194897.05555555,Gt
606,384,Côte d'Ivoire,41571005.27,Gt
607,388,Jamaica,107483319.77428572,Gt
608,392,Japan,202416.25744444446,Gt
609,398,Kazakhstan,126157144.02028568,Gt
610,400,Jordan,44456454.742857136,Gt
611,404,Kenya,993459394.268,Gt
612,408,Democratic People's Republic of Korea,100593987.12,Gt
613,410,Republic of Korea,20468051.034444444,Gt
614,414,Kuwait,18209173.502055556,Gt
615,417,Kyrgyzstan,44782775.465,Gt
616,418,Lao People's Democratic Republic,15291563.657,Gt
617,422,Lebanon,82128474.662,Gt
618,426,Lesotho,1335565.1260000002,Gt
619,428,Latvia,2344955.4444444445,Gt
620,430,Liberia,7380942.029999999,Gt
621,434,Libya,81070125.98457141,Gt
622,440,Lithuania,6141783.055555556,Gt
623,442,Luxembourg,4474467.388888889,Gt
624,446,"China, Macao SAR",178542.90666666665,Gt
625,450,Madagascar,23336280.0,Gt
626,454,Malawi,528233230.63400006,Gt
627,458,Malaysia,13247897.981999997,Gt
628,466,Mali,144393040.82599998,Gt
629,470,Malta,1531888.2777777778,Gt
630,478,Mauritania,355614841.07650006,Gt
631,480,Mauritius,127354.85714285713,Gt
632,484,Mexico,352048156.3562857,Gt
633,496,Mongolia,1011479876.3285,Gt
634,498,Republic of Moldova,9437560.0,Gt
635,499,Montenegro,3649061.0577142863,Gt
636,504,Morocco,261671414.44849998,Gt
637,508,Mozambique,27534733.134,Gt
638,512,Oman,277472100.63611114,Gt
639,516,Namibia,22351477.880285714,Gt
640,524,Nepal,707768054.8755001,Gt
641,528,Netherlands (Kingdom of the),621685609.4444444,Gt
642,540,New Caledonia,5478.021000000001,Gt
643,548,Vanuatu,70083.808,Gt
644,554,New Zealand,11017449.939111112,Gt
645,558,Nicaragua,188604.899,Gt
646,562,Niger,292593601.864,Gt
647,566,Nigeria,1415160111.4870002,Gt
648,578,Norway,28378419.333333336,Gt
649,583,Micronesia (Federated States of),68504.885,Gt
650,586,Pakistan,5079183300.0,Gt
651,598,Papua New Guinea,141083.50950000001,Gt
652,600,Paraguay,5257845.277142857,Gt
653,604,Peru,42136702.48857143,Gt
654,608,Philippines,157732574.112,Gt
655,616,Poland,12880351.722222222,Gt
656,620,Portugal,49375301.44444445,Gt
657,624,Guinea-Bissau,10236299.71,Gt
658,626,Timor-Leste,18236852.456,Gt
659,630,Puerto Rico,105480.27116666667,Gt
660,634,Qatar,18242334.150222223,Gt
661,642,Romania,325772098.4444444,Gt
662,643,Russian Federation,239499758.77142859,Gt
663,646,Rwanda,91755261.03199999,Gt
664,659,Saint Kitts and Nevis,57214.886000000006,Gt
665,662,Saint Lucia,455866.7111428571,Gt
666,670,Saint Vincent and the Grenadines,224017.19371428568,Gt
667,678,Sao Tome and Principe,58878.548,Gt
668,682,Saudi Arabia,370978657.58650005,Gt
669,686,Senegal,166159121.122,Gt
670,688,Serbia,37105806.25714286,Gt
671,690,Seychelles,149259.16477777777,Gt
672,694,Sierra Leone,11245626.81,Gt
673,702,Singapore,64789.43355555556,Gt
674,703,Slovakia,2083637.5,Gt
675,704,Viet Nam,110670889.576,Gt
676,705,Slovenia,5174197.833333334,Gt
677,706,Somalia,360568480.75600004,Gt
678,710,South Africa,76794978.85714285,Gt
679,716,Zimbabwe,144603421.903,Gt
680,724,Spain,728542663.0,Gt
681,728,South Sudan,329745061.708,Gt
682,729,Sudan,1116694396.376,Gt
683,740,Suriname,42854.90942857142,Gt
684,748,Eswatini,8028772.522,Gt
685,752,Sweden,67629.88888888889,Gt
686,756,Switzerland,33862311.822222225,Gt
687,760,Syrian Arab Republic,105659180.6,Gt
688,762,Tajikistan,130308015.27250001,Gt
689,764,Thailand,11864760.555999998,Gt
690,768,Togo,38881194.66,Gt
691,776,Tonga,182372.15542857142,Gt
692,780,Trinidad and Tobago,250230.5888888889,Gt
693,784,United Arab Emirates,491766220.12766665,Gt
694,788,Tunisia,83567465.049,Gt
695,792,Türkiye,1024795607.5217142,Gt
696,795,Turkmenistan,95768645.65714285,Gt
697,800,Uganda,223247998.71,Gt
698,804,Ukraine,394412790.0,Gt
699,807,North Macedonia,7482744.4120000005,Gt
700,818,Egypt,151386677.26450002,Gt
701,834,United Republic of Tanzania,923283753.3205,Gt
702,840,United States of America,95481558.25972223,Gt
703,854,Burkina Faso,221819030.4,Gt
704,862,Venezuela (Bolivarian Republic of),37289502.17142857,Gt
705,887,Yemen,656096575.41,Gt
706,894,Zambia,115127498.97,Gt
707,12,Algeria,1499410.686,Ho
708,32,Argentina,108321009.39999999,Ho
709,36,Australia,47366240.58733333,Ho
710,70,Bosnia and Herzegovina,24173.761999999995,Ho
711,76,Brazil,109925548.982,Ho
712,100,Bulgaria,0.0,Ho
713,112,Belarus,1471020.0,Ho
714,120,Cameroon,812346.2779999999,Ho
715,124,Canada,41558200.80033333,Ho
716,148,Chad,5479598.534,Ho
717,152,Chile,18703622.624333333,Ho
718,156,"China, mainland",779977512.6139998,Ho
719,170,Colombia,25950803.194,Ho
720,191,Croatia,0.0,Ho
721,192,Cuba,1010100.3999999999,Ho
722,246,Finland,406495.86666666664,Ho
723,268,Georgia,877463.4299999999,Ho
724,320,Guatemala,11832884.879999999,Ho
725,332,Haiti,24241134.716,Ho
726,340,Honduras,2457829.25,Ho
727,352,Iceland,1823479.0999999999,Ho
728,360,Indonesia,6560749.199999999,Ho
729,388,Jamaica,195008.218,Ho
730,392,Japan,9345570.066666666,Ho
731,398,Kazakhstan,769164829.138,Ho
732,417,Kyrgyzstan,150039136.6,Ho
733,450,Madagascar,26233.189999999995,Ho
734,458,Malaysia,933656.394,Ho
735,466,Mali,14758057.184,Ho
736,478,Mauritania,2664850.798,Ho
737,484,Mexico,357403922.59999996,Ho
738,496,Mongolia,405182603.166,Ho
739,498,Republic of Moldova,216485.11,Ho
740,504,Morocco,9644154.222,Ho
741,548,Vanuatu,41090.492,Ho
742,554,New Zealand,0.0,Ho
743,558,Nicaragua,9338623.367999999,Ho
744,562,Niger,4196427.788,Ho
745,578,Norway,19174.333333333332,Ho
746,591,Panama,0.0,Ho
747,598,Papua New Guinea,221094.306,Ho
748,600,Paraguay,10298169.714,Ho
749,608,Philippines,2904528.9899999998,Ho
750,643,Russian Federation,224928764.79999998,Ho
751,686,Senegal,35019053.085999995,Ho
752,688,Serbia,138275.87999999998,Ho
753,704,Viet Nam,6608753.486,Ho
754,710,South Africa,6602084.862,Ho
755,756,Switzerland,556055.6666666666,Ho
756,788,Tunisia,2713100.2539999997,Ho
757,792,Türkiye,3662594.63,Ho
758,804,Ukraine,32852779.999999996,Ho
759,826,United Kingdom of Great Britain and Northern Ireland,5674202.940333333,Ho
760,840,United States of America,36314538.34066666,Ho
761,854,Burkina Faso,408600.322,Ho
762,858,Uruguay,22992786.770666666,Ho
763,860,Uzbekistan,27112369.619999997,Ho
764,8,Albania,31353925.679999996,Pg
765,12,Algeria,371756.50200000004,Pg
766,24,Angola,582943928.7653999,Pg
767,28,Antigua and Barbuda,125831.144,Pg
768,31,Azerbaijan,1851551.7,Pg
769,32,Argentina,2668078623.0,Pg
770,36,Australia,1006049626.6666667,Pg
771,40,Austria,1101420272.0,Pg
772,44,Bahamas,788975.3386666668,Pg
773,51,Armenia,54956415.0,Pg
774,52,Barbados,5854595.466666667,Pg
775,56,Belgium,2380323101.3333335,Pg
776,64,Bhutan,4244122.4454,Pg
777,68,Bolivia (Plurinational State of),423313168.32,Pg
778,70,Bosnia and Herzegovina,29072349.2535,Pg
779,72,Botswana,870339.9495,Pg
780,76,Brazil,19128900190.5645,Pg
781,84,Belize,8184448.649999999,Pg
782,90,Solomon Islands,8893077.0408,Pg
783,96,Brunei Darussalam,82596.144,Pg
784,100,Bulgaria,313620400.5,Pg
785,104,Myanmar,981933300.0,Pg
786,108,Burundi,38510045.874,Pg
787,112,Belarus,1336289205.0,Pg
788,116,Cambodia,348850788.8688,Pg
789,120,Cameroon,167307997.338,Pg
790,124,Canada,5217585964.8,Pg
791,132,Cabo Verde,8678533.2282,Pg
792,140,Central African Republic,67084993.980000004,Pg
793,144,Sri Lanka,5955167.061000001,Pg
794,148,Chad,8788234.1274,Pg
795,152,Chile,1329106965.4533334,Pg
796,156,"China, mainland",204371473500.0,Pg
797,158,"China, Taiwan Province of",1856222666.6666667,Pg
798,170,Colombia,1907017107.3,Pg
799,178,Congo,4829182.4232,Pg
800,180,Democratic Republic of the Congo,94457504.466,Pg
801,184,Cook Islands,0.0,Pg
802,188,Costa Rica,252928232.41499996,Pg
803,191,Croatia,258764357.33333334,Pg
804,192,Cuba,682220563.2555,Pg
805,196,Cyprus,92972544.0,Pg
806,203,Czechia,499796600.0,Pg
807,204,Benin,34569082.414799996,Pg
808,208,Denmark,3711246282.666667,Pg
809,212,Dominica,1558586.0595,Pg
810,214,Dominican Republic,270092633.043,Pg
811,218,Ecuador,738816781.7820001,Pg
812,222,El Salvador,18355503.1266,Pg
813,226,Equatorial Guinea,665304.573,Pg
814,231,Ethiopia,7849747.069200001,Pg
815,233,Estonia,99682616.0,Pg
816,242,Fiji,15171437.589,Pg
817,246,Finland,393104149.3333334,Pg
818,250,France,4962824592.0,Pg
819,258,French Polynesia,1892862.888,Pg
820,266,Gabon,13183822.657499999,Pg
821,268,Georgia,76348845.0,Pg
822,270,Gambia,2175619.6548,Pg
823,276,Germany,10357284365.333334,Pg
824,288,Ghana,99295954.9614,Pg
825,296,Kiribati,3648243.9744000006,Pg
826,300,Greece,182647698.6666667,Pg
827,308,Grenada,887859.612,Pg
828,320,Guatemala,142500988.2405,Pg
829,324,Guinea,16031353.14,Pg
830,328,Guyana,3725491.6845,Pg
831,332,Haiti,110253986.0514,Pg
832,340,Honduras,31668830.4384,Pg
833,344,"China, Hong Kong SAR",233116940.27733335,Pg
834,348,Hungary,1017625077.3333334,Pg
835,352,Iceland,14686064.8,Pg
836,356,India,1095968487.24,Pg
837,360,Indonesia,905318384.94,Pg
838,364,Iran (Islamic Republic of),0.0,Pg
839,372,Ireland,766885136.0,Pg
840,376,Israel,26353750.133333337,Pg
841,380,Italy,2893747373.3333335,Pg
842,384,Côte d'Ivoire,39724473.4164,Pg
843,388,Jamaica,26773732.65,Pg
844,392,Japan,2982117407.4666667,Pg
845,398,Kazakhstan,288674355.9255,Pg
846,404,Kenya,70490889.9252,Pg
847,408,Democratic People's Republic of Korea,387686181.97620004,Pg
848,410,Republic of Korea,3272024800.0,Pg
849,417,Kyrgyzstan,28272788.28,Pg
850,418,Lao People's Democratic Republic,348854234.2488,Pg
851,422,Lebanon,2400258.4307999997,Pg
852,426,Lesotho,1657296.6876,Pg
853,428,Latvia,89283157.33333334,Pg
854,430,Liberia,34241495.6844,Pg
855,440,Lithuania,164200765.33333334,Pg
856,442,Luxembourg,29607328.0,Pg
857,446,"China, Macao SAR",11529333.333333334,Pg
858,450,Madagascar,91302570.0,Pg
859,454,Malawi,1187107401.69,Pg
860,458,Malaysia,724740267.774,Pg
861,466,Mali,2609427.4506,Pg
862,470,Malta,10214989.333333334,Pg
863,478,Mauritania,0.0,Pg
864,480,Mauritius,2150308.05,Pg
865,484,Mexico,6381034970.5395,Pg
866,496,Mongolia,916539.9876,Pg
867,498,Republic of Moldova,194412965.3835,Pg
868,499,Montenegro,12107045.7585,Pg
869,504,Morocco,2129589.378,Pg
870,508,Mozambique,470765594.62259996,Pg
871,516,Namibia,26314090.473,Pg
872,520,Nauru,171602.59733333334,Pg
873,524,Nepal,124236957.42,Pg
874,528,Netherlands (Kingdom of the),3882111002.666667,Pg
875,540,New Caledonia,6949882.133333334,Pg
876,548,Vanuatu,10073326.4136,Pg
877,554,New Zealand,103651012.53333333,Pg
878,558,Nicaragua,51203721.5928,Pg
879,562,Niger,5255651.5596,Pg
880,566,Nigeria,1251097031.8242002,Pg
881,570,Niue,0.0,Pg
882,578,Norway,305771755.2,Pg
883,583,Micronesia (Federated States of),3621128.8338,Pg
884,591,Panama,76364216.51200001,Pg
885,598,Papua New Guinea,283151905.71660006,Pg
886,600,Paraguay,250682396.1,Pg
887,604,Peru,669083767.0605,Pg
888,608,Philippines,4189524748.8768005,Pg
889,616,Poland,4161997098.666667,Pg
890,620,Portugal,852525024.0,Pg
891,624,Guinea-Bissau,43430461.9596,Pg
892,626,Timor-Leste,32646663.7362,Pg
893,630,Puerto Rico,16256636.704,Pg
894,642,Romania,795454824.0,Pg
895,643,Russian Federation,16716144387.449999,Pg
896,646,Rwanda,23064166.1574,Pg
897,659,Saint Kitts and Nevis,97422.86666666667,Pg
898,662,Saint Lucia,4314816.2475,Pg
899,670,Saint Vincent and the Grenadines,1375570.1324999998,Pg
900,678,Sao Tome and Principe,1866155.6232,Pg
901,686,Senegal,68211633.24000001,Pg
902,688,Serbia,1126617572.55,Pg
903,690,Seychelles,1746440.3546666668,Pg
904,694,Sierra Leone,5192945.6436,Pg
905,702,Singapore,57169260.032,Pg
906,703,Slovakia,136322837.33333334,Pg
907,704,Viet Nam,10687568760.0,Pg
908,705,Slovenia,60436765.333333336,Pg
909,706,Somalia,349843.8852,Pg
910,710,South Africa,1296676326.0,Pg
911,716,Zimbabwe,37232119.978199996,Pg
912,724,Spain,11682327586.666668,Pg
913,740,Suriname,8167887.958500001,Pg
914,748,Eswatini,4921105.1616,Pg
915,752,Sweden,589195050.6666667,Pg
916,756,Switzerland,536056353.3333334,Pg
917,762,Tajikistan,12747.906,Pg
918,764,Thailand,3285347084.571,Pg
919,768,Togo,59100532.55280001,Pg
920,772,Tokelau,0.0,Pg
921,776,Tonga,6592040.421,Pg
922,780,Trinidad and Tobago,4359932.693333333,Pg
923,788,Tunisia,419785.0992,Pg
924,792,Türkiye,0.0,Pg
925,795,Turkmenistan,741137.049,Pg
926,798,Tuvalu,465469.77,Pg
927,800,Uganda,442077052.33800006,Pg
928,804,Ukraine,2269127268.0,Pg
929,807,North Macedonia,49766906.55,Pg
930,818,Egypt,2281633.9974,Pg
931,826,United Kingdom of Great Britain and Northern Ireland,2405018933.3333335,Pg
932,834,United Republic of Tanzania,153043779.6,Pg
933,840,United States of America,28251441506.133335,Pg
934,854,Burkina Faso,772201821.9150001,Pg
935,858,Uruguay,26978640.0,Pg
936,860,Uzbekistan,14012636.090400001,Pg
937,862,Venezuela (Bolivarian Republic of),420840735.0,Pg
938,882,Samoa,5002037.1378,Pg
939,894,Zambia,83547777.60360001,Pg
940,4,Afghanistan,765256592.541,Sh
941,8,Albania,165502224.03184286,Sh
942,12,Algeria,4627265077.772333,Sh
943,24,Angola,42734168.73899999,Sh
944,28,Antigua and Barbuda,22705.9903125,Sh
945,31,Azerbaijan,612272301.8825713,Sh
946,32,Argentina,299152390.0959,Sh
947,36,Australia,4679472797.34375,Sh
948,40,Austria,55979949.1375,Sh
949,44,Bahamas,188528.525625,Sh
950,48,Bahrain,168258737.0736375,Sh
951,50,Bangladesh,223314493.25,Sh
952,51,Armenia,103074255.1436,Sh
953,52,Barbados,531682.96875,Sh
954,56,Belgium,13636104.375,Sh
955,64,Bhutan,173028.53399999999,Sh
956,68,Bolivia (Plurinational State of),369669078.4446666,Sh
957,70,Bosnia and Herzegovina,17908550.334014285,Sh
958,72,Botswana,4807361.667099999,Sh
959,76,Brazil,699876281.1480999,Sh
960,84,Belize,316490.51,Sh
961,96,Brunei Darussalam,200163.0,Sh
962,100,Bulgaria,87567241.31428571,Sh
963,104,Myanmar,25520992.458666667,Sh
964,108,Burundi,5709244.356000001,Sh
965,112,Belarus,6548556.12,Sh
966,120,Cameroon,200576179.35333332,Sh
967,124,Canada,105787827.3759375,Sh
968,132,Cabo Verde,776553.504,Sh
969,140,Central African Republic,18002112.48,Sh
970,144,Sri Lanka,1006235.802,Sh
971,148,Chad,1572016424.3999999,Sh
972,152,Chile,57444837.8925,Sh
973,156,"China, mainland",18492389550.667843,Sh
974,170,Colombia,7923398.769200001,Sh
975,174,Comoros,888237.1979999999,Sh
976,178,Congo,4137168.1799999997,Sh
977,180,Democratic Republic of the Congo,20033915.22,Sh
978,188,Costa Rica,98951.7268,Sh
979,191,Croatia,45239089.6875,Sh
980,192,Cuba,81183045.31,Sh
981,196,Cyprus,76423648.0625,Sh
982,203,Czechia,17145458.0,Sh
983,204,Benin,236900420.55599996,Sh
984,208,Denmark,7631214.375,Sh
985,212,Dominica,172132.08349999998,Sh
986,214,Dominican Republic,5905131.6075,Sh
987,218,Ecuador,48305585.25977142,Sh
988,222,El Salvador,346147.28099999996,Sh
989,226,Equatorial Guinea,694922.7341,Sh
990,231,Ethiopia,759953831.5035,Sh
991,232,Eritrea,50451135.3885,Sh
992,233,Estonia,1688875.3125,Sh
993,234,Faroe Islands,3765003.4790625,Sh
994,242,Fiji,1356387.9,Sh
995,246,Finland,8256723.75,Sh
996,250,France,947170203.4000001,Sh
997,258,French Polynesia,18827.8321875,Sh
998,262,Djibouti,20273206.638,Sh
999,266,Gabon,5544849.1453,Sh
1000,268,Georgia,40914750.0,Sh
1001,270,Gambia,4822807.77,Sh
1002,275,Palestine,247719162.01966664,Sh
1003,276,Germany,198599226.5625,Sh
1004,288,Ghana,235499863.73099998,Sh
1005,300,Greece,1630144360.3750002,Sh
1006,308,Grenada,766294.5736,Sh
1007,320,Guatemala,13143463.3409,Sh
1008,324,Guinea,89841941.46,Sh
1009,328,Guyana,3640868.0731,Sh
1010,332,Haiti,16389536.987999998,Sh
1011,340,Honduras,919360.6829999998,Sh
1012,344,"China, Hong Kong SAR",1563.7734375,Sh
1013,348,Hungary,9667810.3125,Sh
1014,352,Iceland,54756074.4375,Sh
1015,356,India,2585116814.9294996,Sh
1016,360,Indonesia,935776590.5975,Sh
1017,364,Iran (Islamic Republic of),3450722834.0681667,Sh
1018,368,Iraq,359842999.4522857,Sh
1019,372,Ireland,426722495.625,Sh
1020,376,Israel,276632355.3734375,Sh
1021,380,Italy,810416131.3750001,Sh
1022,384,Côte d'Ivoire,77849398.563,Sh
1023,388,Jamaica,51671.92,Sh
1024,392,Japan,1363110.03,Sh
1025,398,Kazakhstan,1077378752.5177715,Sh
1026,400,Jordan,240487475.54042855,Sh
1027,404,Kenya,724861746.5233333,Sh
1028,408,Democratic People's Republic of Korea,7172883.63,Sh
1029,410,Republic of Korea,34027.71,Sh
1030,414,Kuwait,330912587.8658125,Sh
1031,417,Kyrgyzstan,702003201.567,Sh
1032,422,Lebanon,97736734.17116666,Sh
1033,426,Lesotho,10749084.042,Sh
1034,428,Latvia,5066625.9375,Sh
1035,430,Liberia,6673965.21,Sh
1036,434,Libya,247569249.61581427,Sh
1037,440,Lithuania,6004890.0,Sh
1038,442,Luxembourg,431197.3875,Sh
1039,450,Madagascar,9438892.649999999,Sh
1040,454,Malawi,14316134.669999998,Sh
1041,458,Malaysia,9819286.362399999,Sh
1042,466,Mali,83233357.4085,Sh
1043,470,Malta,3724997.1000000006,Sh
1044,478,Mauritania,573556635.4356667,Sh
1045,480,Mauritius,278963.7781,Sh
1046,484,Mexico,479987048.8928142,Sh
1047,496,Mongolia,2027759670.4683332,Sh
1048,498,Republic of Moldova,21005569.183399998,Sh
1049,499,Montenegro,15815754.45798571,Sh
1050,504,Morocco,1672724216.0956666,Sh
1051,508,Mozambique,3929211.0,Sh
1052,512,Oman,238097451.32681254,Sh
1053,516,Namibia,45029908.832,Sh
1054,524,Nepal,73399935.35533333,Sh
1055,528,Netherlands (Kingdom of the),99518541.5625,Sh
1056,540,New Caledonia,29398.940625000003,Sh
1057,554,New Zealand,2833011399.0600004,Sh
1058,558,Nicaragua,213083.106,Sh
1059,562,Niger,161522247.15,Sh
1060,566,Nigeria,1331872977.024,Sh
1061,578,Norway,149574830.90625,Sh
1062,586,Pakistan,2434171711.129,Sh
1063,598,Papua New Guinea,288681.6,Sh
1064,600,Paraguay,12189767.108800001,Sh
1065,604,Peru,223907460.54939997,Sh
1066,608,Philippines,1052064.006,Sh
1067,616,Poland,8147716.6375,Sh
1068,620,Portugal,187566432.90000004,Sh
1069,624,Guinea-Bissau,10157788.008,Sh
1070,626,Timor-Leste,692565.2009999999,Sh
1071,630,Puerto Rico,120785.8603125,Sh
1072,634,Qatar,49990965.6569875,Sh
1073,642,Romania,897187252.3125,Sh
1074,643,Russian Federation,1285539055.01,Sh
1075,646,Rwanda,20776670.892,Sh
1076,659,Saint Kitts and Nevis,61049.715,Sh
1077,662,Saint Lucia,637696.0827,Sh
1078,670,Saint Vincent and the Grenadines,303507.9401,Sh
1079,678,Sao Tome and Principe,30943.058999999997,Sh
1080,682,Saudi Arabia,866341070.3589624,Sh
1081,686,Senegal,416010292.6173333,Sh
1082,688,Serbia,191984960.5785714,Sh
1083,694,Sierra Leone,14498507.43,Sh
1084,702,Singapore,142053.1790625,Sh
1085,703,Slovakia,18360515.1,Sh
1086,705,Slovenia,9283385.2,Sh
1087,706,Somalia,348332292.18,Sh
1088,710,South Africa,1003574040.9228001,Sh
1089,716,Zimbabwe,37015769.241,Sh
1090,724,Spain,1463780998.8125,Sh
1091,728,South Sudan,152542784.30400002,Sh
1092,729,Sudan,2001501112.3019998,Sh
1093,740,Suriname,71501.0193,Sh
1094,748,Eswatini,6442471.181999999,Sh
1095,752,Sweden,31838427.1875,Sh
1096,756,Switzerland,40291433.25,Sh
1097,760,Syrian Arab Republic,1461692566.2,Sh
1098,762,Tajikistan,763148033.3504999,Sh
1099,764,Thailand,986675.3123999999,Sh
1100,768,Togo,39051647.91,Sh
1101,780,Trinidad and Tobago,444111.65625,Sh
1102,784,United Arab Emirates,70428377.3859,Sh
1103,788,Tunisia,611573202.9043332,Sh
1104,792,Türkiye,4031304698.1010284,Sh
1105,795,Turkmenistan,871749692.3676,Sh
1106,800,Uganda,40768200.0,Sh
1107,804,Ukraine,92796475.61666666,Sh
1108,807,North Macedonia,56132344.224999994,Sh
1109,818,Egypt,632516949.4621667,Sh
1110,826,United Kingdom of Great Britain and Northern Ireland,1876811951.295,Sh
1111,834,United Republic of Tanzania,304076098.0095,Sh
1112,840,United States of America,394354267.5,Sh
1113,854,Burkina Faso,180325303.632,Sh
1114,858,Uruguay,170699526.9375,Sh
1115,860,Uzbekistan,1477965371.7749999,Sh
1116,862,Venezuela (Bolivarian Republic of),24137245.63,Sh
1117,887,Yemen,475209292.962,Sh
1118,894,Zambia,6858757.62,Sh
